index,url,valid,domain,title,description,image,published,archive,content,quote,language,keyword
https://www.bfmtv.com/international/europe/italie/cortege-tapis-rouge-et-honneurs-militaires-le-pape-leon-xiv-recu-en-grande-pompe-pour-sa-premiere-visite-d-etat-en-italie_AD-202510140582.html,https://www.bfmtv.com/international/europe/italie/cortege-tapis-rouge-et-honneurs-militaires-le-pape-leon-xiv-recu-en-grande-pompe-pour-sa-premiere-visite-d-etat-en-italie_AD-202510140582.html,0,www.bfmtv.com,"Cortège, tapis rouge et honneurs militaires: le pape Léon XIV reçu en grande pompe pour sa première visite d'État en Italie",Le pape Léon XIV a été reçu ce mardi 14 octobre pour sa première visite d'État en Italie.,https://images.bfmtv.com/APSUoAYCiW0oL0uAnhg9HhyEFAg=/0x106:2048x1258/2048x0/images/Le-pape-Leon-XIV-aux-cotes-du-president-italien-Sergio-Mattarella-lors-de-sa-visite-officielle-le-14-octobre-2024-au-Quirinal-2154888.jpg,2025-10-14T12:06:13Z,,"Le pape Léon XIV a été reçu ce mardi 14 octobre pour sa première visite d'État en Italie.
Cortège, tapis rouge et honneurs militaires: le pape Léon XIV a été reçu mardi au palais romain du Quirinal … [+1705 chars]",,fr,'Cité du Vatican'
https://www.lavenir.net/actu/monde/2025/10/16/violences-sexuelles-au-sein-de-leglise-leglise-neglige-trop-les-victimes-selon-un-rapport-du-vatican-XD3TVCZ7NFBKXNP5ZOCITF6ZQM/,https://www.lavenir.net/actu/monde/2025/10/16/violences-sexuelles-au-sein-de-leglise-leglise-neglige-trop-les-victimes-selon-un-rapport-du-vatican-XD3TVCZ7NFBKXNP5ZOCITF6ZQM/,0,www.lavenir.net,"Violences sexuelles au sein de l’Église: l'Église néglige trop les victimes, selon un rapport du Vatican","Représailles ""troublantes"", négligence, manque de transparence, lenteur: l'Église catholique souffre encore de sévères maux dans l'accompagnement des victimes de violences sexuelles en son sein, malgré des années d'efforts pour lutter contre ce fléau mondial,…",https://www.lavenir.net/resizer/v2/5DIC5MTGPZBEJLZAHI5UTWNKIE.jpg?auth=ef66208b3256609a59ca473075dec07c94b6e6cb54211c270c2661dc07cd2f75&width=1200&height=630&quality=85&focal=4128%2C2752&watermark=https%3A%2F%2Fcloudfront-eu-central-1.images.arcpublishing.com%2Fipmgroup%2FFFSQSLL65ZFQTKEYFN6NTQS5R4.png%3A100%3A0%2C558,2025-10-16T12:15:53Z,,"""Mon frère était séminariste. L'évêque a dit à ma famille que ma plainte pouvait compromettre son ordination"", a raconté l'une d'elles, tandis qu'une autre a rapporté avoir vu sa famille publiquement… [+3301 chars]",,fr,'Vatican'
https://www.lemonde.fr/international/article/2025/10/16/le-vatican-prone-plus-de-transparence-dans-la-facon-dont-sont-traitees-les-plaintes-de-victimes-de-violences-sexuelles_6647190_3210.html,https://www.lemonde.fr/international/article/2025/10/16/le-vatican-prone-plus-de-transparence-dans-la-facon-dont-sont-traitees-les-plaintes-de-victimes-de-violences-sexuelles_6647190_3210.html,0,www.lemonde.fr,Le Vatican prône plus de transparence dans la façon dont sont traitées les plaintes de victimes de violences sexuelles,"La commission pontificale sur la protection des mineurs, qui n’est que consultative, préconise de tenir informées les personnes qui révèlent des agressions des suites données à leur signalement. Elle relève « une résistance culturelle considérable à la lutte …",https://img.lemde.fr/2025/10/16/0/0/7087/4724/1440/960/60/0/793d7e3_ftp-import-images-1-wdjjgh8jxzsy-2025-10-16t091258z-152840575-rc27qga617zn-rtrmadp-3-vatican-abuse.JPG,2025-10-16T15:38:31Z,,"Le pape Léon XIV et larchevêque Thibault Verny, président de la commission pontificale pour la protection des mineurs, au Vatican, le 12 septembre 2025. SIMONE RISOLUTI/VATICAN MEDIA / VIA REUTERS
L… [+1463 chars]",,fr,'Vatican'
https://www.huffingtonpost.fr/international/article/palestine-pourquoi-une-plainte-vise-airbnb-et-booking-pour-leurs-activites-dans-les-colonies-israeliennes_256105.html,https://www.huffingtonpost.fr/international/article/palestine-pourquoi-une-plainte-vise-airbnb-et-booking-pour-leurs-activites-dans-les-colonies-israeliennes_256105.html,0,www.huffingtonpost.fr,Palestine : pourquoi une plainte vise Airbnb et Booking pour leurs activités dans les colonies israéliennes,La Ligue des droits de l’Homme reproche aux plateformes de faire du tourisme dans des territoires dont l’occupation par Israël est illégale au regard du droit international.,https://focus.huffingtonpost.fr/2024/03/11/193/0/3700/2081/1820/1023/75/0/d8b4bdf_1710175066924-gettyimages-1571249501.jpg,2025-10-17T09:30:45Z,,INTERNATIONAL - Booking.com et Airbnb favorisent-ils la colonisation israélienne ? Cest ce quaffirme la Ligue des droits de lHomme (LDH) qui accuse les plateformes dentretenir un « tourisme » doccupa… [+4128 chars],,fr,'Israël'
https://www.dhnet.be/actu/belgique/2025/10/17/deux-belges-au-palmares-du-wildlife-photographer-of-the-year-je-prends-soin-de-moi-en-faisant-de-la-photo-4QZGDYOOV5G3HA5HMURE2ICEZY/,https://www.dhnet.be/actu/belgique/2025/10/17/deux-belges-au-palmares-du-wildlife-photographer-of-the-year-je-prends-soin-de-moi-en-faisant-de-la-photo-4QZGDYOOV5G3HA5HMURE2ICEZY/,0,www.dhnet.be,"Deux Belges au palmarès du “Wildlife Photographer of the Year”: ""Je prends soin de moi en faisant de la photo""","Marc Costermans, psychologue passionné de photographie, est l'un des deux Belges récompensés au concours prestigieux “Wildlife Photographer of the Year” pour son cliché rare d'un oiseau, pris en Suède. ...",https://www.dhnet.be/resizer/v2/XRX7IQIVANANPAZ4OUV65WBD5Y.jpg?auth=f23ec92708dbe3554ef589ea86306d971a764f4d591f08b3254328682f6e6829&width=1200&height=630&quality=85&focal=373%2C249&watermark=https%3A%2F%2Fcloudfront-eu-central-1.images.arcpublishing.com%2Fipmgroup%2FDZNGDE46VVGXRGHD3TEI5RB3GM.png%3A100%3A0%2C559,2025-10-17T10:06:54Z,,"Psychologue mais nourri par sa passion pour la photographie, Marc balance son métier avec des voyages en tant que guide photographe dans une agence de voyages. C'est lors d'un de ses voyages en Suède… [+1381 chars]",,fr,'Suède'
https://www.usinenouvelle.com/article/champion-suedois-de-l-acier-vert-stegra-cherche-de-l-argent-frais-pour-ne-pas-devenir-le-nouveau-northvolt.N2239805,https://www.usinenouvelle.com/article/champion-suedois-de-l-acier-vert-stegra-cherche-de-l-argent-frais-pour-ne-pas-devenir-le-nouveau-northvolt.N2239805,0,www.usinenouvelle.com,"Champion suédois de l’acier vert, Stegra cherche de l'argent frais pour ne pas devenir le nouveau Northvolt","[Vu sur le web] Stegra (ex H2 Green Steel), qui veut être le pionnier de la production d’acier vert avec de l’hydrogène dans le nord de la Suède, cherche des fonds pour éviter la faillite, rapporte le Financial Times. De quoi faire craindre un nouvel épisode …",https://www.usinenouvelle.com/mediatheque/8/7/7/001532778_896x598_c.jpg,2025-10-17T12:00:00Z,,"Après la chute de Northvolt, est-ce un nouvel échec retentissant en vue pour les start-up phares de la transition écologique en Suède? Comme le rapporte le Financial Times, Stegra (ex H2 Green Steel)… [+3335 chars]",,fr,'Suède'
https://www.lexpress.fr/monde/amerique/virginia-contreras-donald-trump-nest-pas-la-solution-miracle-pour-le-venezuela-3FF2FUEQHVHXXLTBNYZX2BZKTY/,https://www.lexpress.fr/monde/amerique/virginia-contreras-donald-trump-nest-pas-la-solution-miracle-pour-le-venezuela-3FF2FUEQHVHXXLTBNYZX2BZKTY/,0,www.lexpress.fr,"Virginia Contreras : ""Donald Trump n’est pas la solution miracle pour le Venezuela""","En agitant la menace d’une intervention de la CIA contre le régime de Caracas, le président américain parle à son électorat notamment hispanique, estime l’ex-ambassadrice du Venezuela auprès de l’OEA.",https://www.lexpress.fr/resizer/v2/C3GFSO2QJFFPFCFJI65PADI5BU.jpg?auth=926c34e39a5d72ede65ef369dcfb9ffae56fb1221bcda423e41551e19c1324f6&width=1200&height=630&quality=85&focal=975%2C683,2025-10-17T15:00:00Z,,"Le Venezuela est sur le pied de guerre. Alors que ladministration Trump a autorisé, jeudi 16 octobre, des opérations clandestines de la CIA contre le régime de Caracas et que le Pentagone a mené, ces… [+11488 chars]",,fr,'Venezuela'
https://www.watchgeneration.fr/apple-watch/2025/10/promo-lexcellente-apple-watch-se-3-est-deja-230-eu-15-18875,https://www.watchgeneration.fr/apple-watch/2025/10/promo-lexcellente-apple-watch-se-3-est-deja-230-eu-15-18875,0,www.watchgeneration.fr,Promo : l’excellente Apple Watch SE 3 est déjà à 230 € (-15 %),"Grosse promo aujourd’hui sur l’Apple Watch SE 3, sans doute le modèle le plus intéressant lancé cette année. La montre en taille 40 mm est à 230,10 € chez Amazon Italie, soit 15 % de moins que ce qui en est demandé en Apple Store français. La déclinaison 44 m…",https://cdn.mgig.fr/2025/10/mga-6395081e-w375-w1500-w750_accroche.jpg,2025-10-17T15:07:00Z,,"Grosse promo aujourdhui sur lApple Watch SE 3, sans doute le modèle le plus intéressant lancé cette année. La montre en taille 40 mm est à 230,10  chez Amazon Italie, soit 15 % de moins que ce qui en… [+1751 chars]",,fr,'Italie'
https://www.lemonde.fr/idees/article/2025/10/18/entre-israel-et-la-palestine-cinq-scenarios-pour-l-avenir_6647894_3232.html,https://www.lemonde.fr/idees/article/2025/10/18/entre-israel-et-la-palestine-cinq-scenarios-pour-l-avenir_6647894_3232.html,0,www.lemonde.fr,"Entre Israël et la Palestine, cinq scénarios pour l’avenir","La reconnaissance de la Palestine relance le débat sur les formes possibles que prendrait son Etat. Des plus pragmatiques aux plus utopistes, tour d’horizon des options qui ont vu le jour depuis la création d’Israël.",https://img.lemde.fr/2025/10/15/0/0/4173/2782/1440/960/60/0/08b14bd_upload-1-ycftlfjwotfo-000-76vh8xn.jpg,2025-10-18T02:00:07Z,,"Le siège de la Palestine, vide, lors du discours du premier ministre israélien, Benyamin Nétanyahou, lors de lAssemblée générale des Nations unies, à New York, le 26 septembre 2025. CHARLY TRIBALLEAU… [+1336 chars]",,fr,'Israël'
https://www.liberation.fr/environnement/biodiversite/blesse-un-phoque-leopard-observe-en-polynesie-a-des-milliers-de-kilometres-de-chez-lui-20251018_OW3WNJCZW5HZTJZWYS3J7MJO2Y/,https://www.liberation.fr/environnement/biodiversite/blesse-un-phoque-leopard-observe-en-polynesie-a-des-milliers-de-kilometres-de-chez-lui-20251018_OW3WNJCZW5HZTJZWYS3J7MJO2Y/,0,www.liberation.fr,"Blessé, un phoque-léopard observé en Polynésie, à des milliers de kilomètres de chez lui","L’habitat naturel du mammifère, amaigri et entaillé, se situe normalement en Antarctique.",https://www.liberation.fr/resizer/v2/ROAUTTG3E5EGVPB7RFL2OHSI6U.jpg?auth=79b8dbf7b6c16430456a5baa9dea8c0cfe1d3b19e6dcc3e7de4a0847f286426e&quality=70&width=1200&height=630&focal=422%2C253,2025-10-18T11:08:40Z,,"Il nage généralement bien plus au sud, du côté des Terres australes et antarctiques françaises ou de la Terre Adélie. Mais cest bien en Polynésie française quun spécimen de phoque-léopard blessé a ét… [+1663 chars]",,fr,'Antarctique'
https://www.lalibre.be/economie/entreprises-startup/2025/10/18/avec-des-vacances-de-deux-semaines-on-a-enfin-des-reservations-long-courriers-sur-la-toussaint-QLZOR6QVEBCLZOFMSOJKLYTWYI/,https://www.lalibre.be/economie/entreprises-startup/2025/10/18/avec-des-vacances-de-deux-semaines-on-a-enfin-des-reservations-long-courriers-sur-la-toussaint-QLZOR6QVEBCLZOFMSOJKLYTWYI/,0,www.lalibre.be,"“Avec des vacances de deux semaines, on a enfin des réservations long-courriers sur la Toussaint”","Le calendrier scolaire francophone a été modifié en 2022. Trois ans après, qu’est-ce qui a changé ? ...",https://www.lalibre.be/resizer/v2/FP4CSUSCGFAGXLCXUUY6N2J6OM.jpg?auth=720cebb89aa189177131b8ae396a551d24828566fff1556875bcc4146248cbba&width=1200&height=630&quality=85&focal=2233%2C1489&watermark=https%3A%2F%2Fcloudfront-eu-central-1.images.arcpublishing.com%2Fipmgroup%2FN2W5JL3V7JEUTOYYZCW5FAG7M4.png%3A100%3A0%2C557,2025-10-18T14:06:34Z,,"2. Quelles destinations ?
""Des destinations comme la Thaïlande sont en forte évolution, indique Jean-François Defour. Les destinations long-courriers ont vraiment boosté le marché même si la Toussai… [+3535 chars]",,fr,'Ouest-de-l'Île'
https://dailygeekshow.com/?p=994032,https://dailygeekshow.com/?p=994032,0,dailygeekshow.com,Une découverte archéologique inattendue : un trésor médiéval de 20 000 pièces d’argent dormait sous un jardin suédois,"Près de Stockholm, un homme découvre par hasard un trésor médiéval de 20 000 pièces d’argent datant du XIIᵉ siècle. Ce dépôt exceptionnel, lié au règne de Knut Eriksson, éclaire la Suède médiévale entre foi, pouvoir et instabilité politique.
The post Une déco…",https://dailygeekshow.com/wp-content/uploads/2025/10/decouverte-tresor-20000-pieces-argents.webp,2025-10-18T17:26:00Z,,"En cherchant des vers de terre, un homme a mis au jour lun des plus importants dépôts monétaires du Moyen Âge en Suède. Une fenêtre ouverte sur la fin du XIIe siècle, entre foi, pouvoir et fortune.
… [+3667 chars]",,fr,'Antarctique'
https://www.ledauphine.com/societe/2025/10/19/sept-nouveaux-saints-proclames-par-le-pape-leon-xiv-ce-dimanche,https://www.ledauphine.com/societe/2025/10/19/sept-nouveaux-saints-proclames-par-le-pape-leon-xiv-ce-dimanche,0,www.ledauphine.com,Religion. Sept nouveaux saints proclamés par le pape Léon XIV ce dimanche,"Le pape Léon XIV va créer dimanche sept nouveaux saints de l'Eglise catholique, dont le premier originaire de Papouasie-Nouvelle-Guinée, un archevêque exécuté lors du génocide arménien et le « médecin des pauvres » vénézuélien.",https://cdn-s-www.ledauphine.com/images/2A3719C4-19D8-4C73-8409-ECA046498567/FB1200/photo-1760861806.jpg,2025-10-19T08:20:00Z,,"Lors d'une messe solennelle prévue à 10h30 place Saint-Pierre au Vatican, le pape Léon XIV va créer dimanche sept nouveaux saints de l'Eglise catholique, dont le premier originaire de Papouasie-Nouve… [+2211 chars]",,fr,'Guinée'
https://www.lemonde.fr/international/article/2025/10/21/en-cisjordanie-le-destin-toujours-suspendu-de-marwan-barghouti_6648322_3210.html,https://www.lemonde.fr/international/article/2025/10/21/en-cisjordanie-le-destin-toujours-suspendu-de-marwan-barghouti_6648322_3210.html,0,www.lemonde.fr,"En Cisjordanie, le destin toujours suspendu de Marwan Barghouti","L’ancien leader de la deuxième Intifada, incarcéré en Israël depuis vingt-trois ans, n’a pas fait partie des prisonniers libérés en échange des otages israéliens. Figure fédératrice, nimbée de l’aura du résistant, l’homme est plébiscité pour succéder à Mahmou…",https://img.lemde.fr/2025/10/20/0/0/5760/3840/1440/960/60/0/59fe5eb_upload-1-cjogp7yrowlu-lgeai-marwan-barghouti-21.jpg,2025-10-21T03:30:27Z,,"Un graffiti à leffigie de Marwan Barghouti, au check-point de Kalandia, en Cisjordanie, le 18 octobre 2025. LAURENCE GEAI/MYOP POUR « LE MONDE »
Le passage du check-point de Kalandia, principal poin… [+1188 chars]",,fr,'Israël'
https://theconversation.com/accueillir-les-enfants-refugies-de-la-guerre-despagne-une-cause-qui-mobilisa-la-france-des-annees-1930-267283,https://theconversation.com/accueillir-les-enfants-refugies-de-la-guerre-despagne-une-cause-qui-mobilisa-la-france-des-annees-1930-267283,0,theconversation.com,Accueillir les enfants réfugiés de la guerre d’Espagne : une cause qui mobilisa la France des années 1930,"Durant la guerre civile espagnole, près de 15 000 enfants réfugiés sont accueillis en France. Une cause qui suscite une grande mobilisation, de la gauche aux intellectuels catholiques.",https://images.theconversation.com/files/696685/original/file-20251016-56-w7toeb.jpg?ixlib=rb-4.1.0&rect=0%2C104%2C2048%2C1024&q=45&auto=format&w=1356&h=668&fit=crop,2025-10-21T13:00:39Z,,"Des enfants se préparant à être évacués d’Espagne pendant la guerre civile espagnole, certains faisant le salut républicain. Photo transmise par la succession d’Olga Teresa Brocca Smith. Locospotter/… [+9192 chars]",,fr,'Vatican'
https://golem13.fr/ces-coins-caches-de-france-detronent-les-metropoles-leurs-paysages-sont-devenus-les-plus-partages-du-pays-en-2025/,https://golem13.fr/ces-coins-caches-de-france-detronent-les-metropoles-leurs-paysages-sont-devenus-les-plus-partages-du-pays-en-2025/,0,golem13.fr,Ces coins cachés de France détrônent les métropoles : leurs paysages sont devenus les plus partagés du pays en 2025,"Une nouvelle génération de touristes connectés boude les grandes villes pour des bijoux méconnus où patrimoine, nature et mise en scène visuelle font recette. Derrière les filtres pastel, c’est une France oubliée qui revient sur le devant de la scène, entre c…",https://golem13.fr/wp-content/uploads/ces-coins-caches-de-france-detronent-les-metropoles-leurs-paysages-sont-devenus-les-plus-partages-du-pays-en-2025-scaled.jpg,2025-10-21T14:28:24Z,,"Une nouvelle génération de touristes connectés boude les grandes villes pour des bijoux méconnus où patrimoine, nature et mise en scène visuelle font recette. Derrière les filtres pastel, cest une Fr… [+6771 chars]",,fr,'Port-aux-Français'
https://www.franceinfo.fr/monde/ameriques/seisme-en-haiti/seisme-en-haiti-le-temoignage-poignant-de-jerry-miracule-de-retour-sur-l-ile-15-ans-apres-le-drame_7566838.html,https://www.franceinfo.fr/monde/ameriques/seisme-en-haiti/seisme-en-haiti-le-temoignage-poignant-de-jerry-miracule-de-retour-sur-l-ile-15-ans-apres-le-drame_7566838.html,0,www.franceinfo.fr,"Quinze ans après le séisme qui a ravagé Haïti, Jerry, enfant rescapé adopté par des Français, retourne sur les traces de son passé","En 2010, Jerry avait 4 ans lors du tremblement de terre en Haïti, qui l'a grièvement blessé. Alors abandonné dans un orphelinat, il a été soigné par des sauveteurs français et adopté par une famille de la région de Nantes. 15 ans plus tard, il est reparti pou…",https://www.franceinfo.fr/pictures/J-1VC8gKQr4jyX4FXdn6fNGJD2o/0x45:752x468/1500x843/2025/10/21/jerry-68f7e680e00b8609092412.png,2025-10-21T20:06:09Z,,"En 2010, Jerry avait 4 ans lors du tremblement de terre en Haïti, qui l'a grièvement blessé. Alors abandonné dans un orphelinat, il a été soigné par des sauveteurs français et adopté par une famille … [+7170 chars]",,fr,'Port-aux-Français'
https://www.lesnumeriques.com/forfait-mobile/guide-voyage-amerique-latine-itineraires-et-esim-multi-pays-a243917.html,https://www.lesnumeriques.com/forfait-mobile/guide-voyage-amerique-latine-itineraires-et-esim-multi-pays-a243917.html,0,www.lesnumeriques.com,Dossier : Guide voyage Amérique latine : itinéraires et eSIM multi-pays,"Voyager en Amérique latine, c’est se réveiller chaque jour avec un paysage nouveau et des découvertes qui changent à chaque pays. Des plages du Costa Rica aux montagnes du Pérou, en passant par l’effervescence de Buenos Aires, il y a toujours quelque chose à …",https://cdn.lesnumeriques.com/optim/article/24/243917/a0eae374-guide-voyage-amerique-latine-itineraires-et-esim-multi-pays__1200_678__overflow.jpg,2025-10-22T06:00:00Z,,"Les meilleures offres eSIM internationales du moment :
Pourquoi choisir lAmérique latine pour un voyage ?
Un continent qui vibre à son propre rythme
Parce quà un moment, on veut autre chose. On en… [+28780 chars]",,fr,'Costa Rica'
https://www.lalibre.be/international/europe/2025/10/22/cest-un-evenement-historique-le-roi-charles-iii-va-prier-avec-le-pape-au-vatican-une-premiere-depuis-cinq-siecles-SHH2XIFPMZFF3DZ5Q32D4EPCU4/,https://www.lalibre.be/international/europe/2025/10/22/cest-un-evenement-historique-le-roi-charles-iii-va-prier-avec-le-pape-au-vatican-une-premiere-depuis-cinq-siecles-SHH2XIFPMZFF3DZ5Q32D4EPCU4/,0,www.lalibre.be,"""C'est un évènement historique"" : le roi Charles III va prier avec le pape au Vatican, une première depuis cinq siècles","Le roi Charles III, en visite d'Etat mercredi et jeudi au Vatican, va prier avec le pape Léon XIV lors d'un service oecuménique dans la chapelle Sixtine, une première depuis le schisme anglican il y a cinq siècles. ...",https://www.lalibre.be/resizer/v2/UHL7LUTMFZC3ZFQ3Y4YRMSJ5VI.jpg?auth=b2f66d95c2e382d6598c9264a75618da8c95c71dd233190ddab6d5f5ab3921d5&width=1200&height=630&quality=85&focal=2741%2C1827&watermark=https%3A%2F%2Fcloudfront-eu-central-1.images.arcpublishing.com%2Fipmgroup%2F3R4IDPARFVEO3L2LC5OCCXQ5RM.png%3A100%3A0%2C557,2025-10-22T08:42:59Z,,"""Qui est le Pape ? François !"" : 45% des réponses d'IA sur l'actualité sont faussesLa religion anglicane est née il y a près de 500 ans d'une scission avec l'Eglise catholique, provoquée par le roi d… [+2913 chars]",,fr,'Vatican'
https://www.ledauphine.com/societe/2025/10/22/en-visite-au-vatican-charles-iii-va-prier-avec-le-pape-leon-xiv,https://www.ledauphine.com/societe/2025/10/22/en-visite-au-vatican-charles-iii-va-prier-avec-le-pape-leon-xiv,0,www.ledauphine.com,"Religion. En visite au Vatican, Charles III va prier avec le pape Léon XIV","La visite du roi Charles III au Vatican intervient dans un contexte délicat pour le monarque britannique, dont le frère Andrew fait l'objet de nouvelles révélations accablantes dans l'affaire Epstein.",https://cdn-s-www.ledauphine.com/images/A191BC7B-870C-4260-B6E5-2077C4D660AB/FB1200/photo-1761123256.jpg,2025-10-22T09:10:00Z,,"Le roi Charles III, en visite d'Etat mercredi et jeudi au Vatican, va prier avec le pape Léon XIV lors d'un service cuménique dans la chapelle Sixtine, une première depuis le schisme anglican il y a … [+3300 chars]",,fr,'Vatican'
https://www.liberation.fr/international/aide-humanitaire-a-gaza-israel-a-lobligation-daccepter-et-de-faciliter-les-programmes-de-lonu-juge-la-cour-internationale-de-justice-20251022_TB3LJ5XWZJB2BKHR6BVHN7II6M/,https://www.liberation.fr/international/aide-humanitaire-a-gaza-israel-a-lobligation-daccepter-et-de-faciliter-les-programmes-de-lonu-juge-la-cour-internationale-de-justice-20251022_TB3LJ5XWZJB2BKHR6BVHN7II6M/,0,www.liberation.fr,"Aide humanitaire à Gaza : «Israël a l’obligation d’accepter et de faciliter» les programmes de l’ONU, juge la Cour internationale de justice",La plus haute juridiction de l’ONU a statué ce mercredi 22 octobre sur les obligations d’Israël envers les organismes humanitaires fournissant une aide aux Palestiniens à Gaza.,https://www.liberation.fr/resizer/v2/7FWUVWDSABAF3EYAFRXEJKRTK4.jpg?auth=a9277039391ed85dd5940189c278a039a21280e57d2d2b2ae8cb24b1c78a8abe&quality=70&width=1200&height=630&focal=1271%2C830,2025-10-22T14:46:53Z,,"Israël de nouveau rappelé à lordre. Ce mercredi 22 octobre, la Cour internationale de justice (CIJ) a jugé quen vertu du droit international, lEtat hébreu a «lobligation daccepter et de faciliter les… [+1081 chars]",,fr,'Israël'
https://www.lemonde.fr/international/live/2025/10/22/en-direct-gaza-la-cour-internationale-de-justice-demande-a-israel-de-faciliter-l-acheminement-de-l-aide-une-decision-rejetee-par-l-etat-hebreu_6647945_3210.html,https://www.lemonde.fr/international/live/2025/10/22/en-direct-gaza-la-cour-internationale-de-justice-demande-a-israel-de-faciliter-l-acheminement-de-l-aide-une-decision-rejetee-par-l-etat-hebreu_6647945_3210.html,0,www.lemonde.fr,"EN DIRECT, Gaza : la Cour internationale de justice demande à Israël de « faciliter l’acheminement de l’aide », une décision rejetée par l’Etat hébreu","« En tant que puissance occupante, Israël est tenu de garantir les besoins fondamentaux de la population locale », a dit la plus haute juridiction de l’ONU, dans un avis consultatif, dans lequel elle rappelle aussi « l’obligation d’Israël de ne pas recourir à…",https://img.lemde.fr/2025/10/06/1000/0/6000/3000/1440/720/60/0/de16df7_ftp-import-images-1-jo1cy4skk6sm-1f2af1df084a45f2886e2fbfd7e94d87-4-8c9e3306daed4dddb2324e2be8a81639.jpg,2025-10-22T16:26:41Z,,"Le Parlement israélien (Knesset) sest prononcé mercredi pour lexamen de deux projets de loi visant à étendre la souveraineté israélienne en Cisjordanie, occupée depuis 1967, en pleine visite du vice-… [+2608 chars]",,fr,'Israël'
https://www.dhnet.be/actu/monde/2025/10/22/une-premiere-depuis-cinq-siecles-voici-pourquoi-la-visite-de-charles-iii-au-vatican-est-un-evenement-historique-TT7DPVVT3RDRPB4JZDBLRKXHYI/,https://www.dhnet.be/actu/monde/2025/10/22/une-premiere-depuis-cinq-siecles-voici-pourquoi-la-visite-de-charles-iii-au-vatican-est-un-evenement-historique-TT7DPVVT3RDRPB4JZDBLRKXHYI/,0,www.dhnet.be,"Une première depuis cinq siècles: voici pourquoi la visite de Charles III au Vatican est un ""événement historique""",Le couple royal britannique a atterri vers 16H30 GMT à l'aéroport militaire de Ciampino. ...,https://www.dhnet.be/resizer/v2/CCAABZWUCNH2BIDWVIEJKHAM64.jpg?auth=a00e0c10c772bd4838fe4dcb7dc16edc2173726c942e61c700e84d06d8d12e58&width=1200&height=630&quality=85&focal=3000%2C2001&watermark=https%3A%2F%2Fcloudfront-eu-central-1.images.arcpublishing.com%2Fipmgroup%2FDZNGDE46VVGXRGHD3TEI5RB3GM.png%3A100%3A0%2C559,2025-10-22T17:27:37Z,,"Le roi Charles III évoque le caractère ""effrayant"" de tout diagnostic de cancerPour Charles III, qui a le rôle de gouverneur suprême de l'Eglise -anglicane- d'Angleterre, il s'agira d'une première re… [+3299 chars]",,fr,'Vatican'
https://www.lemonde.fr/international/live/2025/10/22/en-direct-gaza-le-chef-de-l-onu-estime-que-la-decision-de-la-cij-sur-l-aide-humanitaire-a-gaza-est-tres-importante-et-espere-qu-israel-s-y-conformera_6647945_3210.html,https://www.lemonde.fr/international/live/2025/10/22/en-direct-gaza-le-chef-de-l-onu-estime-que-la-decision-de-la-cij-sur-l-aide-humanitaire-a-gaza-est-tres-importante-et-espere-qu-israel-s-y-conformera_6647945_3210.html,0,www.lemonde.fr,"EN DIRECT, Gaza : le chef de l’ONU estime que la décision de la CIJ sur l’aide humanitaire à Gaza est « très importante » et espère qu’Israël « s’y conformera »","« En tant que puissance occupante, Israël est tenu de garantir les besoins fondamentaux de la population locale », a dit la plus haute juridiction de l’ONU, dans un avis consultatif. Israël a rejeté cet avis, dénonçant une volonté d’« imposer des mesures poli…",https://img.lemde.fr/2025/10/06/1000/0/6000/3000/1440/720/60/0/de16df7_ftp-import-images-1-jo1cy4skk6sm-1f2af1df084a45f2886e2fbfd7e94d87-4-8c9e3306daed4dddb2324e2be8a81639.jpg,2025-10-22T20:39:42Z,,"Le Parlement israélien (Knesset) sest prononcé mercredi pour lexamen de deux projets de loi visant à étendre la souveraineté israélienne en Cisjordanie, occupée depuis 1967, en pleine visite du vice-… [+2608 chars]",,fr,'Jérusalem-Est'
https://www.lemonde.fr/international/live/2025/10/23/en-direct-gaza-les-projets-d-annexion-d-israel-en-cisjordanie-menacent-la-treve-estime-le-secretaire-d-etat-americain-marco-rubio_6647945_3210.html,https://www.lemonde.fr/international/live/2025/10/23/en-direct-gaza-les-projets-d-annexion-d-israel-en-cisjordanie-menacent-la-treve-estime-le-secretaire-d-etat-americain-marco-rubio_6647945_3210.html,0,www.lemonde.fr,"EN DIRECT, Gaza : les projets d’annexion d’Israël en Cisjordanie « menacent » la trêve, estime le secrétaire d’Etat américain, Marco Rubio","Le Parlement israélien s’est prononcé, mercredi, en faveur de l’examen de deux projets de loi visant à étendre la souveraineté israélienne en Cisjordanie, occupée depuis 1967. Selon le chef de la diplomatie américaine, attendu jeudi dans l’Etat hébreu, cela p…",https://img.lemde.fr/2025/10/22/452/0/8256/4128/1440/720/60/0/c02a4ac_ftp-import-images-1-fqx68heidhq0-5237166-01-06.jpg,2025-10-23T03:22:14Z,,"Le Parlement israélien (Knesset) sest prononcé mercredi pour lexamen de deux projets de loi visant à étendre la souveraineté israélienne en Cisjordanie, occupée depuis 1967, en pleine visite du vice-… [+2608 chars]",,fr,'Jérusalem-Est'
https://www.liberation.fr/international/europe/tempete-benjamin-nouvelles-sanctions-contre-la-russie-liberation-du-cycliste-francais-sofiane-sehili-lactu-de-ce-jeudi-23-octobre-au-matin-20251023_4LIGBYP2VZCP7AA6TB7OTLFKIU/,https://www.liberation.fr/international/europe/tempete-benjamin-nouvelles-sanctions-contre-la-russie-liberation-du-cycliste-francais-sofiane-sehili-lactu-de-ce-jeudi-23-octobre-au-matin-20251023_4LIGBYP2VZCP7AA6TB7OTLFKIU/,0,www.liberation.fr,"Tempête Benjamin, nouvelles sanctions contre la Russie, libération du cycliste français Sofiane Sehili… L’actu de ce jeudi 23 octobre au matin",La rédaction de «Libération» compile les principales infos du jour,https://www.liberation.fr/resizer/v2/BRBZMIVJTFGU7DN5CGJIIHDECM.jpg?auth=8da70fc1a0fda7ee5cf1c8ecacd396da217af564e3e1e026c64a234727766e37&quality=70&width=1200&height=630&focal=4937%2C2417,2025-10-23T06:00:26Z,,"Chaque matin, la rédaction de Libé sélectionne les actualités incontournables en France, dans le reste du monde et celles à suivre au cours de la journée. 
Les prévisionnistes de météo france ont pl… [+3286 chars]",,fr,'Jérusalem-Est'
https://www.liberation.fr/international/moyen-orient/acces-des-journalistes-etrangers-a-gaza-les-juges-israeliens-doivent-rendre-leur-decision-ce-jeudi-20251023_UT7EKDCOZZAKXDUV2AS3VMAFJM/,https://www.liberation.fr/international/moyen-orient/acces-des-journalistes-etrangers-a-gaza-les-juges-israeliens-doivent-rendre-leur-decision-ce-jeudi-20251023_UT7EKDCOZZAKXDUV2AS3VMAFJM/,0,www.liberation.fr,Accès des journalistes étrangers à Gaza : les juges israéliens doivent rendre leur décision ce jeudi,La plus haute juridiction d’Israël doit examiner ce jeudi une demande émise par des agences de presse étrangères pour un libre accès à l’enclave palestinienne.,https://www.liberation.fr/resizer/v2/EDFZJ7YRFBCELGWXNX4ZLUR3FE.jpg?auth=de5574ea123c7f13566c61ed89e7639167c7dcc2583e07b288396476d2ac3fef&quality=70&width=1200&height=630&focal=2743%2C1723,2025-10-23T06:20:29Z,,"Cela fait plus de deux ans que les journalistes étrangers couvrent le drame humanitaire de Gaza sans pouvoir pénétrer dans lenclave. Ce jeudi 23 octobre, les juges de la Cour suprême israélienne doiv… [+2534 chars]",,fr,'Israël'
https://www.liberation.fr/international/afrique/du-sahel-a-la-palestine-un-monde-globalise-depuis-au-moins-sept-siecles-20251023_GJWTGTUIMZDEVEYB7G7K3RYWFE/,https://www.liberation.fr/international/afrique/du-sahel-a-la-palestine-un-monde-globalise-depuis-au-moins-sept-siecles-20251023_GJWTGTUIMZDEVEYB7G7K3RYWFE/,0,www.liberation.fr,"Du Sahel à la Palestine, un monde globalisé depuis au moins sept siècles","Les liens entre Bamako, Zinder et Jérusalem ou Gaza ont une histoire ancienne, tissés par les religieux et les intellectuels, puis renforcés par les mouvements de solidarité anti-impérialiste dans la seconde moitié du XXe siècle, rappelle l’historienne Madina…",https://www.liberation.fr/resizer/v2/SFWXYSTHOBDD7KEIIIN2OMOEFY.jpg?auth=c3a88a98841ad753eac95a9f6a67c8058aec67f5ec24b540cb196e35c52fb998&quality=70&width=1200&height=630&focal=2868%2C885,2025-10-23T09:32:00Z,,"Chaque mois, des chercheur·ses spécialistes du Sahel livrent à Libération leurs réflexions, leurs éclairages, leurs amusements, leurs colères ou leurs opinions sur la région. Aujourdhui, le point de … [+1004 chars]",,fr,'Jérusalem-Est'
https://www.liberation.fr/international/amerique/jd-vance-assure-que-la-cisjordanie-ne-va-pas-etre-annexee-et-se-dit-insulte-par-des-projets-disrael-20251023_V2CXBSUDRJAZ7IK3PJTEPZP6L4/,https://www.liberation.fr/international/amerique/jd-vance-assure-que-la-cisjordanie-ne-va-pas-etre-annexee-et-se-dit-insulte-par-des-projets-disrael-20251023_V2CXBSUDRJAZ7IK3PJTEPZP6L4/,0,www.liberation.fr,JD Vance assure que «la Cisjordanie ne va pas être annexée» et se dit «insulté» par des projets d’Israël,"A l’issue de sa visite en Israël ce jeudi 23 octobre, le bras droit de Donald Trump a condamné des projets qui risquent de mettre en péril le fragile cessez-le-feu à Gaza.",https://www.liberation.fr/resizer/v2/GSQGUMBHQFB43G5VZVR5MLCYCY.jpg?auth=7b870f534785f2d4644b2da74bc8e705fc53545b48ab337e1805028e46240850&quality=70&width=1200&height=630&focal=2800%2C1110,2025-10-23T12:35:25Z,,"Au lendemain de discussions au Parlement israélien sur des projets dannexion en Cisjordanie, le vice-président américain JD Vance sest montré on ne peut plus clair : «La Cisjordanie ne va pas être an… [+2279 chars]",,fr,'Jérusalem-Est'
https://www.franceinfo.fr/environnement/evenements-meteorologiques-extremes/tempetes/en-images-vagues-geantes-chutes-d-arbres-inondations-la-tempete-benjamin-balaie-une-vaste-partie-de-la-france_7570414.html,https://www.franceinfo.fr/environnement/evenements-meteorologiques-extremes/tempetes/en-images-vagues-geantes-chutes-d-arbres-inondations-la-tempete-benjamin-balaie-une-vaste-partie-de-la-france_7570414.html,0,www.franceinfo.fr,"Vagues géantes, chutes d'arbres, inondations... La tempête Benjamin balaie une vaste partie de la France","La Bretagne et la Normandie ont été frappées jeudi par des vents particulièrement violents. Une personne est morte en Corse, emportée par une cru.",https://www.franceinfo.fr/pictures/seaZb8bD-i4UZDx7nFSZxrtYokc/0x106:1024x682/1500x843/2025/10/23/000-79nt9nw-68fa22503cca4716697648.jpg,2025-10-23T14:34:32Z,,"La France a fait face à ""de violentes rafales de vent sur une bonne partie du territoire"", jeudi 23 octobre, du fait du passage de la tempête automnale Benjamin, qualifiée de ""forte"" par Météo-France… [+6579 chars]",,fr,'France'
https://www.franceinfo.fr/societe/religion/le-pape-et-le-roi-charles-iii-ensemble-pour-une-priere-historique-au-vatican_7570783.html,https://www.franceinfo.fr/societe/religion/le-pape-et-le-roi-charles-iii-ensemble-pour-une-priere-historique-au-vatican_7570783.html,0,www.franceinfo.fr,Le pape et le roi Charles III ensemble pour une prière historique au Vatican,"Le roi Charles III est devenu jeudi le premier monarque britannique à prier publiquement avec un pape au Vatican, depuis le schisme anglican au XVIe siècle.",https://www.franceinfo.fr/pictures/EuaZin2k0aWxToRLRnmf8KEiUts/0x0:1920x1079/1500x843/2025/10/23/vatican-ok-68fa2caf69c8b800568266.jpg,2025-10-23T16:43:28Z,,"Une première depuis la séparation entre l'église romaine et l'Église anglicane au XVIe siècle. Le roi Charles III, chef suprême de l'Église dAngleterre, et le pape Léon XIV ont prié ensemble lors d'u… [+1338 chars]",,fr,'Vatican'
https://www.usinenouvelle.com/article/avec-un-carnet-de-commandes-bien-rempli-naval-group-peut-il-vraiment-fabriquer-davantage-de-sous-marins-en-france.N2240004,https://www.usinenouvelle.com/article/avec-un-carnet-de-commandes-bien-rempli-naval-group-peut-il-vraiment-fabriquer-davantage-de-sous-marins-en-france.N2240004,0,www.usinenouvelle.com,"Avec un carnet de commandes bien rempli, Naval Group peut-il vraiment fabriquer davantage de sous-marins en France ?","Malgré l’échec de ses ambitions canadiennes, Naval Group peut compter sur un carnet de commandes rempli pour la fabrication de sous-marins dans l'Hexagone. Entre investissements et recrutements, le groupe français cherche à repousser les capacités de son site…",https://www.usinenouvelle.com/mediatheque/2/1/2/001510212_896x598_c.jpg,2025-10-24T03:00:00Z,,"«Cest lun des plus chargés de Naval Group avec le programme de sous-marin lanceur dengins de troisième génération (SNLE 3G) qui va nous emmener jusquen 2050, indique une source syndicale bien renseig… [+7909 chars]",,fr,'Port-aux-Français'
https://www.courrierinternational.com/article/pendant-que-vous-dormiez-cisjordanie-san-francisco-nba-vs-fbi-les-informations-de-la-nuit_236671,https://www.courrierinternational.com/article/pendant-que-vous-dormiez-cisjordanie-san-francisco-nba-vs-fbi-les-informations-de-la-nuit_236671,0,www.courrierinternational.com,"Cisjordanie, San Francisco, NBA vs FBI : les informations de la nuit","L’administration américaine recadre la Knesset après un vote sur l’annexion de la Cisjordanie. Le vice-président américain J.D. Vance a vivement critiqué le vote du Parlement israélien autorisant, en première lecture, l’imposition de la souveraineté d’Israël …",https://focus.courrierinternational.com/2025/10/23/0/0/6000/4000/1200/630/60/0/fca284d_ftp-import-images-1-kdvmvdebytz3-us-israel-gaza-11.JPG,2025-10-24T04:04:52Z,,"Ladministration américaine recadre la Knesset après un vote sur lannexion de la Cisjordanie. Le vice-président américain J.D. Vance a vivement critiqué le vote du Parlement israélien autorisant, en p… [+2685 chars]",,fr,'Israël'
https://www.courrierinternational.com/long-format/reportage-en-haiti-dans-l-enfer-des-gangs_234818_1,https://www.courrierinternational.com/long-format/reportage-en-haiti-dans-l-enfer-des-gangs_234818_1,0,www.courrierinternational.com,"En Haïti, dans l’enfer des gangs","Rares sont les journalistes occidentaux à se rendre à Port-au-Prince, la capitale d’Haïti, depuis que les gangs y ont pris le pouvoir. La journaliste britannique Louise Callaghan, correspondante du quotidien “The Times” pour les Amériques, s’y est rendue en a…",https://focus.courrierinternational.com/2025/09/16/0/0/2400/1600/1200/630/60/0/ee69e5a_upload-1-coop0ivx2tok-sipa-ap22797306-000001.jpg,2025-10-24T07:54:11Z,,"Rares sont les journalistes occidentaux à se rendre à Port-au-Prince, la capitale dHaïti, depuis que les gangs y ont pris le pouvoir. La journaliste britannique Louise Callaghan, correspondante du qu… [+21645 chars]",,fr,'Port-au-Prince'
https://www.lemonde.fr/international/live/2025/10/24/en-direct-gaza-l-annexion-croissante-de-la-cisjordanie-doit-cesser-dit-l-unrwa_6647945_3210.html,https://www.lemonde.fr/international/live/2025/10/24/en-direct-gaza-l-annexion-croissante-de-la-cisjordanie-doit-cesser-dit-l-unrwa_6647945_3210.html,0,www.lemonde.fr,"EN DIRECT, Gaza : « L’annexion croissante de la Cisjordanie doit cesser », dit l’UNRWA","« Depuis le début de la guerre à Gaza, la Cisjordanie occupée, y compris Jérusalem-Est, connaît également une forte escalade de la violence », dénonce l’Agence des Nations unies pour les réfugiés, vendredi, sur X.",https://img.lemde.fr/2025/10/23/521/0/5438/2719/1440/720/60/0/1d87309_ftp-import-images-1-sfp75oswtp0h-2025-10-23t064635z-456474994-rc2ihha57r2w-rtrmadp-3-israel-palestinians-west-bank-olive.JPG,2025-10-24T08:43:32Z,,"Sexprimant jeudi lors dun colloque sur une éventuelle annexion de la Cisjordanie par Israël, qui mettrait fin à la création possible dun Etat palestinien, Bezalel Smotrich, le ministre des finances i… [+1301 chars]",,fr,'Jérusalem-Est'
https://www.lalibre.be/international/europe/2025/10/24/le-roi-philippe-et-la-reine-mathilde-seront-recus-en-audience-privee-par-le-pape-leon-xiv-ce-lundi-UEXPUGV23RAGFAJLVJ5QSSZVN4/,https://www.lalibre.be/international/europe/2025/10/24/le-roi-philippe-et-la-reine-mathilde-seront-recus-en-audience-privee-par-le-pape-leon-xiv-ce-lundi-UEXPUGV23RAGFAJLVJ5QSSZVN4/,0,www.lalibre.be,Le roi Philippe et la reine Mathilde seront reçus en audience privée par le pape Léon XIV ce lundi,"Le roi Philippe et la reine Mathilde seront reçus lundi midi par le pape Léon XIV au Vatican pour une audience privée, a annoncé vendredi le Palais Royal. Il s'agira de leur première rencontre avec le nouveau souverain pontife. ...",https://www.lalibre.be/resizer/v2/XE4QQDGUSFBB3L5IQ6BLNDMXEU.JPG?auth=0672d33c87dbed6221b5cdb5c4ee6521d18012f75d67b79436a2c18a207fff34&width=1200&height=630&quality=85&focal=2438%2C1625&watermark=https%3A%2F%2Fcloudfront-eu-central-1.images.arcpublishing.com%2Fipmgroup%2F3R4IDPARFVEO3L2LC5OCCXQ5RM.png%3A100%3A0%2C557,2025-10-24T17:11:35Z,,"Le couple royal avait déjà assisté à la mi-mai à la messe d'intronisation de Léon XIV, célébrée place Saint-Pierre.
Plus tôt cette semaine, le pape avait reçu le roi Charles III, chef de l'Église d'… [+263 chars]",,fr,'Vatican'
https://www.dhnet.be/actu/belgique/2025/10/24/le-roi-philippe-et-la-reine-mathilde-recus-en-audience-privee-par-le-pape-leon-xiv-lundi-P2N23QEN45CO5ISY3W5VJ7IYZI/,https://www.dhnet.be/actu/belgique/2025/10/24/le-roi-philippe-et-la-reine-mathilde-recus-en-audience-privee-par-le-pape-leon-xiv-lundi-P2N23QEN45CO5ISY3W5VJ7IYZI/,0,www.dhnet.be,Le roi Philippe et la reine Mathilde reçus en audience privée par le pape Léon XIV lundi,"Le roi Philippe et la reine Mathilde seront reçus lundi midi par le pape Léon XIV au Vatican pour une audience privée, a annoncé vendredi le Palais Royal. Il s'agira de leur première rencontre avec le nouveau souverain pontife. ...",https://www.dhnet.be/resizer/v2/CUSYWSUWLBARRJ222FS44WU7RA.jpg?auth=daa1008bc908ee6d58c5b2ead2bf586b98ebf442b4b20eae9a32d0eba3cbcd6e&width=1200&height=630&quality=85&focal=1680%2C1120&watermark=https%3A%2F%2Fcloudfront-eu-central-1.images.arcpublishing.com%2Fipmgroup%2FDZNGDE46VVGXRGHD3TEI5RB3GM.png%3A100%3A0%2C559,2025-10-24T17:19:13Z,,"Le couple royal avait déjà assisté à la mi-mai à la messe d'intronisation de Léon XIV, célébrée place Saint-Pierre.
Plus tôt cette semaine, le pape avait reçu le roi Charles III, chef de l'Église d'… [+156 chars]",,fr,'Vatican'
https://www.courrierinternational.com/article/pendant-que-vous-dormiez-coalition-des-volontaires-liban-lola-et-nba-les-informations-de-la-nuit_236706,https://www.courrierinternational.com/article/pendant-que-vous-dormiez-coalition-des-volontaires-liban-lola-et-nba-les-informations-de-la-nuit_236706,0,www.courrierinternational.com,"Coalition des volontaires, Liban, Lola et NBA : les informations de la nuit","Les alliés de Kiev ciblent le pétrole russe. La “coalition des volontaires”, groupe d’une trentaine de pays européens alliés de l’Ukraine, était rassemblée vendredi après-midi en Angleterre. Elle veut profiter “de la dynamique actuelle pour mettre fin à la gu…",https://focus.courrierinternational.com/2025/10/24/0/0/5379/3586/1200/630/60/0/0c7ecb4_ftp-import-images-1-xjtrj0nl7x7g-afp-79xk7fc.jpg,2025-10-25T03:55:28Z,,"Les alliés de Kiev ciblent le pétrole russe. La coalition des volontaires, groupe dune trentaine de pays européens alliés de lUkraine, était rassemblée vendredi après-midi en Angleterre. Elle veut pr… [+2953 chars]",,fr,'Liban'
https://www.lalibre.be/planete/environnement/2025/10/25/la-tempete-tropicale-melissa-fait-trois-morts-en-haiti-W6KLO32QJVEXTEU5MYDEM2UBF4/,https://www.lalibre.be/planete/environnement/2025/10/25/la-tempete-tropicale-melissa-fait-trois-morts-en-haiti-W6KLO32QJVEXTEU5MYDEM2UBF4/,0,www.lalibre.be,La tempête tropicale Melissa fait trois morts en Haïti,"La tempête tropicale Melissa a causé la mort de trois personnes en Haïti, ont annoncé vendredi les autorités locales, et pourrait se renforcer durant le week-end en ouragan, selon le centre national des ouragans américain (NHC). ...",https://www.lalibre.be/resizer/v2/QV54IVK2U5CIZEOM6GTUANNMLU.jpg?auth=8f9b3ad2eb488205988d8da7a7942c7e4e36bbcc6f2cfdaf59e260c9bd13a943&width=1200&height=630&quality=85&focal=1792%2C1195&watermark=https%3A%2F%2Fcloudfront-eu-central-1.images.arcpublishing.com%2Fipmgroup%2F3R4IDPARFVEO3L2LC5OCCXQ5RM.png%3A100%3A0%2C557,2025-10-25T05:46:49Z,,"Philippines: 400.000 évacués et 3 morts au passage d'une violente tempête tropicaleVendredi soir, Melissa se situait à 360km au sud-ouest de Port-au-Prince, en Haïti, et à 310km au sud-est de Kingsto… [+613 chars]",,fr,'Haïti'
https://www.lepoint.fr/societe/son-succes-les-polemiques-sa-vision-de-la-masculinite-les-verites-de-tibo-inshape-le-premier-youtubeur-de-france-25-10-2025-2601749_23.php,https://www.lepoint.fr/societe/son-succes-les-polemiques-sa-vision-de-la-masculinite-les-verites-de-tibo-inshape-le-premier-youtubeur-de-france-25-10-2025-2601749_23.php,0,www.lepoint.fr,"Tibo InShape : « Je suis musclé, mais ça ne m’empêche pas d’être féministe »","A l'occasion de la sortie de son autobiographie, le premier youtubeur de France se confie dans un entretien fleuve : success-story, argent, polemiques, vision de la masculinite... Il se livre comme jamais.",https://static.lpnt.fr/images/2025/10/25/27796881lpw-27796888-mega-une-jpg_11493424.jpg,2025-10-25T13:00:00Z,,"À 33 ans, millionnaire, Tibo InShape a posé ses haltères dans un hôtel un peu paumé de la zone commerciale de Saint-Denis pour une semaine de promotion de Derrière la lumière. Une autobiographie dans… [+25483 chars]",,fr,'France'
https://www.slate.fr/monde/japon-coree-du-sud-anciens-rivaux-asie-nord-est-tissent-nouvelle-alliance-strategique-relations-diplomatie-economie-etats-unis-chine,https://www.slate.fr/monde/japon-coree-du-sud-anciens-rivaux-asie-nord-est-tissent-nouvelle-alliance-strategique-relations-diplomatie-economie-etats-unis-chine,0,www.slate.fr,"Le Japon et la Corée du Sud, anciens rivaux de l'Asie du Nord-Est, tissent une nouvelle alliance stratégique","Sous la pression des menaces régionales et malgré un lourd passé conflictuel, les deux pays initient une coopération inédite. Entre augmentation record de leurs dépenses militaires et questionnements sur l'avenir du soutien américain, ils incarnent la quête d…",https://www.slate.fr/uploads/store/story_271476/original_271476.jpg,2025-10-25T15:00:00Z,,"Depuis la fin de la Seconde Guerre mondiale, les relations entre le Japon et la Corée du Sud sont marquées par un paradoxe saisissant. D'un côté, ces deux puissances asiatiques partagent des intérêts… [+7504 chars]",,fr,'Japon'
https://www.lemonde.fr/idees/article/2025/10/26/le-retour-de-la-messe-en-latin-a-saint-pierre-de-rome-un-signe-politique_6649663_3232.html,https://www.lemonde.fr/idees/article/2025/10/26/le-retour-de-la-messe-en-latin-a-saint-pierre-de-rome-un-signe-politique_6649663_3232.html,0,www.lemonde.fr,"Le retour de la messe en latin à Saint-Pierre de Rome, un signe politique","Samedi 25 octobre, une messe selon la liturgie en vigueur avant le concile Vatican II a été célébrée dans la basilique Saint-Pierre de Rome. Une première depuis l’interdiction du pape François en 2022.",https://img.lemde.fr/2025/10/23/1/0/3394/2262/1440/960/60/0/8d92c37_ftp-import-images-1-a2hzrwrbenml-2025-10-23t150924z-1583863136-rc2qhharjgie-rtrmadp-3-pope-migration.JPG,2025-10-26T06:00:18Z,,"Les hauts murs de la basilique Saint-Pierre de Rome navaient pas résonné des mots rituels dune telle célébration depuis 2021. Samedi 25 octobre, la basilique vaticane, lieu emblématique et central du… [+1705 chars]",,fr,'Saint Pierre'
https://www.lemonde.fr/sport/article/2025/10/26/michel-desjoyeaux-navigateur-les-class40-sont-tres-peu-contraignants-mais-cela-reste-une-categorie-d-un-excellent-niveau-de-competition_6649665_3242.html,https://www.lemonde.fr/sport/article/2025/10/26/michel-desjoyeaux-navigateur-les-class40-sont-tres-peu-contraignants-mais-cela-reste-une-categorie-d-un-excellent-niveau-de-competition_6649665_3242.html,0,www.lemonde.fr,"Michel Desjoyeaux, navigateur : « Les Class40 sont très peu contraignants, mais cela reste une catégorie d’un excellent niveau de compétition »","Le double vainqueur du Vendée Globe prendra, dimanche, le départ de la Transat en double Café L’Or entre Le Havre et la Martinique à bord d’un Class40 nouvelle génération, aux côtés d’Alexandre Le Gallais, chef d’entreprise de 46 ans.",https://img.lemde.fr/2025/10/21/0/0/5568/3712/1440/960/60/0/dcdb6ca_upload-1-vasfklzdun46-000-1a368l.jpg,2025-10-26T06:30:05Z,,"Le skippeur français Michel Desjoyeaux, à Port-la-Forêt (Finistère), le 17 octobre 2018. FRED TANNEAU / AFP
Lancé en 2005, le Class40 (monocoque hauturier de 12 mètres) est une catégorie de navires … [+1344 chars]",,fr,'Port-aux-Français'
https://www.franceinfo.fr/environnement/evenements-meteorologiques-extremes/cyclones-et-ouragans/la-tempete-melissa-devient-un-ouragan-et-se-dirige-vers-la-jamaique_7576483.html,https://www.franceinfo.fr/environnement/evenements-meteorologiques-extremes/cyclones-et-ouragans/la-tempete-melissa-devient-un-ouragan-et-se-dirige-vers-la-jamaique_7576483.html,0,www.franceinfo.fr,La tempête Melissa devient un ouragan et se dirige vers la Jamaïque,Cette tempête tropicale a déjà fait trois morts en Haïti et un en République dominicaine.,https://www.franceinfo.fr/pictures/eWgQB6FI6oIwPgJZl0AEeVnuBjk/0x53:1024x629/1500x843/2025/10/26/000-79zx3t8-68fdc19bc6893794600114.jpg,2025-10-26T06:38:34Z,,"La tempête tropicale Melissa, qui a fait quatre morts dans les Caraïbes, est devenue un ouragan samedi 25 octobre et devrait continuer de se renforcer en progressant vers la Jamaïque, selon les prévi… [+2092 chars]",,fr,'République dominicaine'
https://www.ledauphine.com/environnement/2025/10/26/la-jamaique-se-prepare-a-l-arrivee-de-la-tempete-melissa-renforcee-en-un-puissant-ouragan,https://www.ledauphine.com/environnement/2025/10/26/la-jamaique-se-prepare-a-l-arrivee-de-la-tempete-melissa-renforcee-en-un-puissant-ouragan,0,www.ledauphine.com,"Météo. La Jamaïque se prépare à l’arrivée de la tempête Melissa, renforcée en un puissant ouragan","Elevé à la catégorie 3 sur une échelle qui en compte 5, l'ouragan a fait trois morts en Haïti et un en République dominicaine.",https://cdn-s-www.ledauphine.com/images/5EB034CB-B8CF-4E10-A60C-A6094EDF8285/FB1200/photo-1761465831.jpg,2025-10-26T08:30:00Z,,"La tempête Melissa, renforcée en un puissant ouragan, poursuit ce dimanche sa route meurtrière dans les Caraïbes, menaçant la Jamaïque et l'île d'Hispaniola, partagée entre la République dominicaine … [+2648 chars]",,fr,'République dominicaine'
https://www.futura-sciences.com/planete/actualites/antarctique-seuls-coeur-antarctique-heidi-sevestre-matthieu-tordeur-vont-chercher-reponse-science-redoute-126712/,https://www.futura-sciences.com/planete/actualites/antarctique-seuls-coeur-antarctique-heidi-sevestre-matthieu-tordeur-vont-chercher-reponse-science-redoute-126712/,0,www.futura-sciences.com,"Seuls au cœur de l’Antarctique, Heïdi Sevestre et Matthieu Tordeur vont chercher une réponse que la science redoute","L’explorateur Matthieu Tordeur et la glaciologue Heïdi Sevestre cherchent à résoudre l’un des plus grands mystères du pôle Sud : s’est-il effondré il y a 130 000 ans ? Pour cela, ils vont passer 80 jours sur le continent blanc pour étudier sa glace.",https://cdn8.futura-sciences.com/a1920/images/Under%20Antarctica.png,2025-10-26T10:03:07Z,,Cap au Sud ! L'explorateur Matthieu Tordeur et la glaciologue Heïdi Sevestre partent dans quelques jours pour cartographier le sous-sol de l'Antarctique. L'objectif principal de l'expédition Under An… [+2837 chars],,fr,'Antarctique'
https://www.bfmtv.com/environnement/climat/inondations-catastrophiques-l-ouragan-melissa-se-rapproche-de-la-jamaique-et-gagne-en-puissance_AD-202510260272.html,https://www.bfmtv.com/environnement/climat/inondations-catastrophiques-l-ouragan-melissa-se-rapproche-de-la-jamaique-et-gagne-en-puissance_AD-202510260272.html,0,www.bfmtv.com,"""Inondations catastrophiques"": l'ouragan Melissa se rapproche de la Jamaïque et gagne en puissance","L'ouragan Melissa, déjà passé dimanche en catégorie 4, prend encore de l'ampleur dans les Caraïbes, menaçant la Jamaïque d'intempéries ""catastrophiques"" dans les prochains jours.",https://images.bfmtv.com/ulcFE33QPgYlcic66qWDzYzovak=/0x106:2048x1258/2048x0/images/L-arrivee-de-l-ouragan-Melissa-dans-la-region-de-Caribbean-Terrace-a-Kingston-en-Jamaique-le-25-octobre-2025-2161561.jpg,2025-10-26T18:19:15Z,,"L'ouragan Melissa, déjà passé dimanche en catégorie 4, prend encore de l'ampleur dans les Caraïbes, menaçant la Jamaïque d'intempéries ""catastrophiques"" dans les prochains jours.
""On se sent impuiss… [+3108 chars]",,fr,'Ouest-de-l'Île'
https://www.ledauphine.com/politique/2025/10/27/budget-retraites-taxation-des-hauts-revenus-les-discussions-reprennent-a-l-assemblee-ce-lundi,https://www.ledauphine.com/politique/2025/10/27/budget-retraites-taxation-des-hauts-revenus-les-discussions-reprennent-a-l-assemblee-ce-lundi,0,www.ledauphine.com,"Politique. Budget : retraites, taxation des hauts revenus... Les discussions reprennent à l'Assemblée ce lundi","Les débats reprennent ce lundi à l'Assemblée après une journée de pause. Retraites, économies, « taxe Zucman »... Les députés doivent s'entendre pour donner à la France un budget.Suivez l'évolution de la journée en direct.",https://cdn-s-www.ledauphine.com/images/EEA6AE02-0AC1-4021-94B7-9332CAB3C077/FB1200/photo-1761512056.jpg,2025-10-27T06:00:00Z,,"Le gel du barème de l'impôt sur le revenu écarté. Les députés ont largement rejeté samedi le gel du barème de l'impôt sur le revenu, qui aurait conduit 200 000 foyers supplémentaires à payer cet impô… [+1235 chars]",,fr,'Charlotte-Amélie'
https://www.lavenir.net/actu/monde/2025/10/27/louragan-melissa-et-ses-vents-destructeurs-eleves-a-la-categorie-maximale-a-lapproche-de-la-jamaique-on-sattend-a-des-inondations-catastrophiques-TNGPTJD7MFDKRKQN7RHSD74D3Q/,https://www.lavenir.net/actu/monde/2025/10/27/louragan-melissa-et-ses-vents-destructeurs-eleves-a-la-categorie-maximale-a-lapproche-de-la-jamaique-on-sattend-a-des-inondations-catastrophiques-TNGPTJD7MFDKRKQN7RHSD74D3Q/,0,www.lavenir.net,L’ouragan Melissa et ses vents destructeurs élevés à la catégorie maximale à l’approche de la Jamaïque : “On s’attend à des inondations catastrophiques”,L'ouragan a été place ce lundi 27 octobre 2025 dans la catégorie maximale. La Jamaïque s'attend à une catastrophe naturelle comme rarement vécue dans son histoire. ...,https://www.lavenir.net/resizer/v2/Z2RSMYEUTRHHPGB5E7ZRF7BJ4E.jpg?auth=43a42bdd0fe6fc1d8a7a268f0c41ec49acc343f901e55711b26221f9aba889d0&width=1200&height=630&quality=85&focal=753%2C517&watermark=https%3A%2F%2Fcloudfront-eu-central-1.images.arcpublishing.com%2Fipmgroup%2FFFSQSLL65ZFQTKEYFN6NTQS5R4.png%3A100%3A0%2C558,2025-10-27T11:02:12Z,,"L'épicentre de l'ouragan ""devrait passer près ou au-dessus de la Jamaïque ce soir et mardi, traverser le sud-est de Cuba mardi soir, et se diriger vers le sud-est des Bahamas mercredi"", a estimé le N… [+2746 chars]",,fr,'Jamaïque'
https://la1ere.franceinfo.fr/guadeloupe/l-ouragan-melissa-passe-en-categorie-5-le-nord-de-la-caraibe-retient-son-souffle-1637350.html,https://la1ere.franceinfo.fr/guadeloupe/l-ouragan-melissa-passe-en-categorie-5-le-nord-de-la-caraibe-retient-son-souffle-1637350.html,0,la1ere.franceinfo.fr,"L'ouragan Melissa passe en catégorie 5, le nord de la Caraïbe retient son souffle","L'ouragan Melissa a été placé en catégorie 5, la plus élevée de la classification, par le Centre national des ouragans (NHC) des Etats-Unis. Les grandes îles du nord de la Caraïbe ainsi que les Bahamas sont sur la trajectoire de cette tempête destructrice.",https://la1ere.franceinfo.fr/image/OtT3Lovtr72Vgs1Utw1CvwiiF64/930x620/outremer/2025/10/27/whatsapp-image-2025-10-27-at-05-46-16-68ff3fc9aeef8402223648.jpg,2025-10-27T16:00:04Z,,"""Des conditions d'ouragan et une onde de tempête destructrice sont attendues sur la Jamaïque ainsi qu'Haïti et en République dominicaine"". C'est ainsi qu'a annoncé ce lundi 27 octobre le NHC, Centre … [+1091 chars]",,fr,'Bahamas'
https://www.ledauphine.com/societe/2025/10/27/rencontre-avec-erdogan-priere-a-beyrouth-ce-que-l-on-sait-du-premier-voyage-du-pape-leon-xiv,https://www.ledauphine.com/societe/2025/10/27/rencontre-avec-erdogan-priere-a-beyrouth-ce-que-l-on-sait-du-premier-voyage-du-pape-leon-xiv,0,www.ledauphine.com,"Religion. Rencontre avec Erdogan, prière à Beyrouth : ce que l'on sait du premier voyage du pape Léon XIV","Devenu pape en mai après la mort de François, le souverain pontife américain va se déplacer à l'étranger pour la première fois, en Turquie puis au Liban fin novembre.",https://cdn-s-www.ledauphine.com/images/27F5EE11-2DBE-449B-BBBD-4BB31031D28F/FB1200/photo-1761584541.jpg,2025-10-27T17:03:00Z,,"Le pape Léon XIV priera sur le site de l'explosion il y a cinq ans au port de Beyrouth, après une rencontre avec le président turc, Recep Tayyip Erdogan, lors d'un voyage en Turquie et au Liban en no… [+1890 chars]",,fr,'Vatican'
https://www.liberation.fr/societe/religions/la-puissante-communaute-de-lemmanuel-mise-sous-tutelle-par-le-vatican-a-la-sortie-on-etait-un-peu-sonnes-20251027_V7XNUHVWMZBDTIQD7M5JMY4ESE/,https://www.liberation.fr/societe/religions/la-puissante-communaute-de-lemmanuel-mise-sous-tutelle-par-le-vatican-a-la-sortie-on-etait-un-peu-sonnes-20251027_V7XNUHVWMZBDTIQD7M5JMY4ESE/,0,www.liberation.fr,"La puissante communauté de l’Emmanuel mise sous tutelle par le Vatican : «A la sortie, on était un peu sonnés»","L’audit sera mené par l’archevêque de Dijon, Antoine Hérouard, homme de confiance du pape, qui avait déjà mené deux missions délicates à Fréjus-Toulon et à Bayonne.",https://www.liberation.fr/resizer/v2/RHT7WTTRTZGB5FDUDEBPDK5BCM.jpg?auth=683bc03955027b6420abe28ac86d08cad6b2db711fe3963720f69ba8607cfe41&quality=70&width=1200&height=630&focal=1467%2C825,2025-10-27T17:26:04Z,,"Contestée en interne, mise en cause pour la gestion de plusieurs affaires de violences sexuelles, la très puissante communauté de lEmmanuel est désormais sous le coup dun audit en vue de la réformer,… [+782 chars]",,fr,'Vatican'
https://dailygeekshow.com/?p=995038,https://dailygeekshow.com/?p=995038,0,dailygeekshow.com,L’Antarctique en alerte : ce changement météo inhabituel inquiète les scientifiques du monde entier,"Le vortex polaire antarctique montre des signes inédits de déstabilisation, bouleversant les modèles météorologiques mondiaux. Quelles en sont les causes, les conséquences et surtout, comment s'y préparer ?
The post L’Antarctique en alerte : ce changement mét…",https://dailygeekshow.com/wp-content/uploads/2025/08/mystere-sur-lantarctique-boue.webp,2025-10-27T19:29:00Z,,"Le vortex polaire antarctique montre des signes inédits de déstabilisation, bouleversant les modèles météorologiques mondiaux. Quelles en sont les causes, les conséquences et surtout, comment s’y pré… [+3681 chars]",,fr,'Antarctique'
https://www.bfmtv.com/societe/religions/le-pape-leon-xiv-priera-au-port-de-beyrouth-cinq-ans-apres-l-explosion-au-cours-de-son-premier-voyage_AD-202510270874.html,https://www.bfmtv.com/societe/religions/le-pape-leon-xiv-priera-au-port-de-beyrouth-cinq-ans-apres-l-explosion-au-cours-de-son-premier-voyage_AD-202510270874.html,0,www.bfmtv.com,"Le pape Léon XIV priera au port de Beyrouth, cinq ans après l'explosion, au cours de son premier voyage","Le pape Léon XIV tiendra le 2 décembre une prière silencieuse sur le site de l'explosion au port de Beyrouth en 2020, qui a fait plus de 220 morts et dévasté une grande partie de la capitale libanaise.",https://images.bfmtv.com/gkhHLQj4nzCzhnVmQ2oHmhQ_V1Q=/7x111:2039x1254/2032x0/images/Le-pape-Leon-XIV-denonce-depuis-le-Vatican-le-deplacement-force-des-Palestiniens-suite-a-l-offensive-israelienne-du-mardi-16-septembre-2139309.jpg,2025-10-27T20:40:15Z,,"Le pape Léon XIV tiendra le 2 décembre une prière silencieuse sur le site de l'explosion au port de Beyrouth en 2020, qui a fait plus de 220 morts et dévasté une grande partie de la capitale libanais… [+2116 chars]",,fr,'Beyrouth'
https://www.presse-citron.net/moustiques-decouverts-premiere-fois-islande-signe-lemballement-rechauffement-climatique/,https://www.presse-citron.net/moustiques-decouverts-premiere-fois-islande-signe-lemballement-rechauffement-climatique/,0,www.presse-citron.net,Des moustiques découverts pour la première fois en Islande : un nouveau signe de l’emballement du réchauffement climatique,"L’arrivée du moustique en Islande, c’est un peu comme voir un palmier pousser en Norvège : invraisemblable, mais extrêmement inquiétant.",https://www.presse-citron.net/app/uploads/2025/10/Moustique-1600x900.jpg,2025-10-28T05:32:03Z,,"Les moustiques, quelle que soit leur espèce, nauraient jamais dû coloniser lIslande. Le pays réunit tout ce quils détestent : un climat instable, rythmé par des cycles répétés de gel et de dégel qui … [+4442 chars]",,fr,'Antarctique'
https://www.franceinfo.fr/environnement/evenements-meteorologiques-extremes/cyclones-et-ouragans/ouragan-melissa-le-monstre-est-deja-la-temoigne-un-habitant-de-la-jamaique_7580134.html,https://www.franceinfo.fr/environnement/evenements-meteorologiques-extremes/cyclones-et-ouragans/ouragan-melissa-le-monstre-est-deja-la-temoigne-un-habitant-de-la-jamaique_7580134.html,0,www.franceinfo.fr,"Ouragan Melissa : ""Le monstre est déjà là"", témoigne un habitant de la Jamaïque","Éric Falt représente l'Unesco dans la région. Il a déjà vécu l'ouragan Gordon en 1994 et raconte ""l'attente pesante"" de Melissa, attendue en finde journée sur la Jamaïque. Ce type de tempêtes, c'est ""une puissance tournoyante qui frappe avec une force incroya…",https://www.franceinfo.fr/pictures/AdQiZI1Fvv1g2Y5SWS7N4zu-Odo/0x0:1024x575/1500x843/2025/10/28/000-827l9wp-6900627486d1a858626058.jpg,2025-10-28T06:31:37Z,,"""Le monstre est déjà là"", témoigne mardi 28 octobre au matin sur franceinfo, Éric Falt, habitant de la Jamaïque, alors que l'ouragan Melissa doit toucher l'île en fin de journée. Le cyclone tropical … [+1775 chars]",,fr,'Jamaïque'
https://www.lemonde.fr/international/article/2025/10/28/une-vingtaine-d-etudiants-et-d-artistes-de-gaza-evacues-vers-la-france_6649932_3210.html,https://www.lemonde.fr/international/article/2025/10/28/une-vingtaine-d-etudiants-et-d-artistes-de-gaza-evacues-vers-la-france_6649932_3210.html,0,www.lemonde.fr,Une vingtaine d’étudiants et d’artistes de Gaza évacués vers la France,"Le groupe, également constitué de quelques adultes, devait arriver à Paris mardi. Ces opérations avaient été stoppées fin juillet après la venue d’une jeune Palestinienne ayant proféré des propos haineux contre les juifs sur X.",https://img.lemde.fr/2025/10/02/0/0/5500/3666/1440/960/60/0/c415de7_ftp-import-images-1-0zmrum27cr3v-2025-10-02t120536z-1330335237-rc2n3haprz5v-rtrmadp-3-israel-palestinians-gaza.JPG,2025-10-28T10:45:20Z,,"Un campement de tentes à Gaza, le 2 octobre. EBRAHIM HAJJAJ / REUTERS
Le voyage fut pénible, éprouvant, et parfois terrifiant. Mais, quelques heures avant son atterrissage prévu à Paris mardi 28 oct… [+1388 chars]",,fr,'Jérusalem-Est'
https://www.futura-sciences.com/planete/actualites/terre-guadeloupe-martinique-seisme-27-octobre-na-rien-anodin-geologues-savent-126855/,https://www.futura-sciences.com/planete/actualites/terre-guadeloupe-martinique-seisme-27-octobre-na-rien-anodin-geologues-savent-126855/,0,www.futura-sciences.com,"Guadeloupe, Martinique : le séisme du 27 octobre n’a rien d’anodin, et les géologues le savent","Ce lundi 27 octobre, un séisme de magnitude 6,5 a été ressenti en Guadeloupe et en Martinique. Si aucun dégât ni blessé ne sont à déplorer, cet événement rappelle la vulnérabilité sismique de l’arc des Petites Antilles.",https://cdn8.futura-sciences.com/a1920/images/10-seisme.jpeg,2025-10-28T12:03:32Z,,"Ce lundi 27 octobre 2025, les habitants de Guadeloupe et de Martinique ont eu la surprise de ressentir des secousses matinales ! À 8h38 heure locale (13h38 heure de Paris), un séisme de magnitude 6,5… [+1881 chars]",,fr,'Îles Cocos'
https://www.franceinfo.fr/environnement/evenements-meteorologiques-extremes/cyclones-et-ouragans/carte-visualisez-la-trajectoire-de-l-ouragan-melissa-alors-que-les-habitants-de-la-jamaique-se-preparent-a-d-importants-degats_7580336.html,https://www.franceinfo.fr/environnement/evenements-meteorologiques-extremes/cyclones-et-ouragans/carte-visualisez-la-trajectoire-de-l-ouragan-melissa-alors-que-les-habitants-de-la-jamaique-se-preparent-a-d-importants-degats_7580336.html,0,www.franceinfo.fr,"Visualisez la trajectoire de l'ouragan Melissa, alors que les habitants de la Jamaïque se préparent à d'importants dégâts","Le phénomène devrait toucher l'île dans la journée de mardi, et pourrait affecter au moins 1,5 million de personnes, selon la Croix-Rouge.",https://www.franceinfo.fr/pictures/GipHxQB70s9cAC_n3zmiStVh6QM/0x192:1024x768/1500x843/2025/10/28/000-827l9wj-69009ab0ae4ac816842093.jpg,2025-10-28T13:41:35Z,,L'arrivée de Melissa suscite les plus vives inquiétudes en Jamaïque. Il s'agit du septième ouragan le plus intense jamais enregistré sur l'Atlantique depuis 1979. Son il devrait traverser l'île des C… [+2372 chars],,fr,'Ouest-de-l'Île'
https://www.lalibre.be/planete/environnement/2025/10/28/ouragan-melissa-la-jamaique-touchee-de-plein-fouet-par-la-tempete-la-plus-violente-depuis-des-decennies-5ZZRRCQPDZDK3GKXO4HBJCYW6I/,https://www.lalibre.be/planete/environnement/2025/10/28/ouragan-melissa-la-jamaique-touchee-de-plein-fouet-par-la-tempete-la-plus-violente-depuis-des-decennies-5ZZRRCQPDZDK3GKXO4HBJCYW6I/,0,www.lalibre.be,Ouragan Melissa: la Jamaïque touchée de plein fouet par la tempête la plus violente depuis des décennies,"L’ouragan Melissa, de catégorie 5, frappe ce mardi de plein fouet la Jamaïque. Avec des vents et des pluies hors normes, les habitants font face à des impacts majeurs (pertes humaines, coupures d’électricité, évacuations), tandis que l’île entre dans une phas…",https://www.lalibre.be/resizer/v2/2E6B3K2Z55FU5LS6IAU6DCKYQY.jpg?auth=a1c58c290cc37ec8c93dd5fc40fa554baf2f4ac2ba52aecfb4134d2a1fd86e9a&width=1200&height=630&quality=85&focal=1648%2C1099&watermark=https%3A%2F%2Fcloudfront-eu-central-1.images.arcpublishing.com%2Fipmgroup%2F3R4IDPARFVEO3L2LC5OCCXQ5RM.png%3A100%3A0%2C557,2025-10-28T17:41:57Z,,"Par ailleurs, plus de 800 centres d'évacuation ont été ouverts, selon le ministre de l'Administration locale Desmond McKenzie. Mais la mobilisation reste jugée insuffisante : ""Ce n'est pas le moment … [+3434 chars]",,fr,'Ouest-de-l'Île'
https://www.franceinfo.fr/environnement/evenements-meteorologiques-extremes/cyclones-et-ouragans/direct-l-ouragan-melissa-touche-terre-en-jamaique-avec-des-vents-a-pres-de-300-km-h_7580957.html,https://www.franceinfo.fr/environnement/evenements-meteorologiques-extremes/cyclones-et-ouragans/direct-l-ouragan-melissa-touche-terre-en-jamaique-avec-des-vents-a-pres-de-300-km-h_7580957.html,0,www.franceinfo.fr,L'ouragan Melissa touche terre en Jamaïque avec des vents à près de 300 km/h,"L'ouragan Melissa est ""l'un des plus puissants ouragans jamais enregistrés dans l'Atlantique"", a annoncé le Centre national américain des ouragans.",https://www.franceinfo.fr/pictures/BS-i1z7PXqDTu5EHPV6Ys1a5w60/0x44:753x468/1500x843/2025/10/28/sipa-sipahub60077874-000003-6900fc857ed16684266222.jpg,2025-10-28T17:56:59Z,,"L'ouragan Melissa devrait provoquer des dégâts considérables en Jamaïque. Classé en catégorie 5 sur l'échelle de Saffir-Simpson, ce phénomène météorologique hors-norme a touché, mardi 28 octobre en f… [+3055 chars]",,fr,'Ouest-de-l'Île'
https://www.franceinfo.fr/environnement/evenements-meteorologiques-extremes/cyclones-et-ouragans/ouragan-melissa-meme-en-categorie-4-il-est-encore-tres-violent-et-destructif-previent-un-meteorologue_7581131.html,https://www.franceinfo.fr/environnement/evenements-meteorologiques-extremes/cyclones-et-ouragans/ouragan-melissa-meme-en-categorie-4-il-est-encore-tres-violent-et-destructif-previent-un-meteorologue_7581131.html,0,www.franceinfo.fr,"Ouragan Melissa : même en ""catégorie 4, il est encore très violent et destructif"", prévient un météorologue","En touchant terre à la Jamaïque, l'ouragan Melissa a été rétrogradé au niveau 4.",https://www.franceinfo.fr/pictures/4rbeHRR7eZyAWchTatu72mBWvqw/0x279:5392x3312/1500x843/2025/10/28/melissa-2-69013c767cb56109568330.jpg,2025-10-28T22:00:23Z,,"Alors que l'ouragan Melissa a touché terre à la Jamaïque, il est passé du niveau 5 au niveau 4 sur l'échelle de Saphir-Simpson. ""Un ouragan de catégorie 4 est encore très violent et très destructif"",… [+1340 chars]",,fr,'Ouest-de-l'Île'
https://france3-regions.franceinfo.fr/auvergne-rhone-alpes/isere/grenoble/ces-glaces-sont-une-enigme-pourquoi-une-scientifique-et-un-explorateur-vont-sonder-l-antarctique-pendant-trois-mois-3240349.html,https://france3-regions.franceinfo.fr/auvergne-rhone-alpes/isere/grenoble/ces-glaces-sont-une-enigme-pourquoi-une-scientifique-et-un-explorateur-vont-sonder-l-antarctique-pendant-trois-mois-3240349.html,0,france3-regions.franceinfo.fr,"""Ces glaces sont une énigme"" : pourquoi une scientifique et un explorateur vont sonder l'Antarctique pendant trois mois","La glaciologue Heïdi Sevestre et l'explorateur Matthieu Tordeur réalisent, à partir de ce mercredi 29 octobre, une expédition de près de trois mois en Antarctique. Le binôme va sonder des glaces multimillénaires pour sensibiliser sur les conséquences du récha…",https://france3-regions.franceinfo.fr/image/vWHOF8fu-x6Ynxxqa1IKT52osi0/930x620/regions/2025/10/28/c-heidi-sevestre-matthieu-tordeur-groenland-aout-2025-10-6900d2201efc5069696968.jpg,2025-10-29T04:45:02Z,,"La glaciologue Heïdi Sevestre et l'explorateur Matthieu Tordeur réalisent, à partir de ce mercredi 29 octobre, une expédition de près de trois mois en Antarctique. Le binôme va sonder des glaces mult… [+5361 chars]",,fr,'Antarctique'
https://www.bfmtv.com/international/l-ouragan-melissa-se-renforce-en-categorie-4-et-s-approche-de-cuba-apres-avoir-durement-touche-la-jamaique_AD-202510290093.html,https://www.bfmtv.com/international/l-ouragan-melissa-se-renforce-en-categorie-4-et-s-approche-de-cuba-apres-avoir-durement-touche-la-jamaique_AD-202510290093.html,0,www.bfmtv.com,"L'ouragan Melissa se renforce en catégorie 4 et s'approche de Cuba, après avoir durement touché la Jamaïque","L'ouragan Melissa, le plus puissant ayant touché la Jamaïque depuis le début des relevés météorologiques, se dirige désormais vers Cuba et devrait atteindre d'île tôt ce mercredi 29 octobre.",https://images.bfmtv.com/LpF4udyi3wu2iDGzFdpAaCR1bxU=/0x160:2048x1312/2048x0/images/Cuba-Ouragan-Melissa-2162956.jpg,2025-10-29T05:15:45Z,,"L'ouragan Melissa, le plus puissant ayant touché la Jamaïque depuis le début des relevés météorologiques, se dirige désormais vers Cuba et devrait atteindre d'île tôt ce mercredi 29 octobre.
Le puis… [+3712 chars]",,fr,'Cuba'
https://www.bfmtv.com/international/pluies-diluviennes-glissements-de-terrain-les-images-des-degats-causes-par-l-ouragan-melissa-en-jamaique_AV-202510290232.html,https://www.bfmtv.com/international/pluies-diluviennes-glissements-de-terrain-les-images-des-degats-causes-par-l-ouragan-melissa-en-jamaique_AV-202510290232.html,0,www.bfmtv.com,"Pluies diluviennes, glissements de terrain... Les images des dégâts causés par l'ouragan Melissa en Jamaïque","L'ouragan Melissa, élevé alors en catégorie 5, a traversé la Jamaïque ce mardi 28 octobre, provoquant d'importants dégâts dans l'ouest et le centre de l'île.",https://images.bfmtv.com/0KsC2NzfiDqwY4F71LBZN6_WH8U=/0x106:2048x1258/2048x0/images/Le-Rio-Cobre-sort-de-ses-rives-pres-de-Sainte-Catherine-en-Jamaique-le-28-octobre-2025-2162850.jpg,2025-10-29T07:13:51Z,,"L'ouragan Melissa, élevé alors en catégorie 5, a traversé la Jamaïque ce mardi 28 octobre, provoquant d'importants dégâts dans l'ouest et le centre de l'île.
Des rafales jusqu'à 320 km/h, des pluies… [+2761 chars]",,fr,'Jamaïque'
https://www.franceinfo.fr/environnement/evenements-meteorologiques-extremes/cyclones-et-ouragans/ouragan-melissa/ouragan-melissa-toits-arraches-rues-inondees-coupures-d-electricite-des-images-de-devastation-en-jamaique_7582256.html,https://www.franceinfo.fr/environnement/evenements-meteorologiques-extremes/cyclones-et-ouragans/ouragan-melissa/ouragan-melissa-toits-arraches-rues-inondees-coupures-d-electricite-des-images-de-devastation-en-jamaique_7582256.html,0,www.franceinfo.fr,"Ouragan Melissa : toits arrachés, rues inondées, coupures d'électricité... Des images de dévastation en Jamaïque","Le Premier ministre, Andrew Holmes, a estimé que l'île était une ""zone sinistrée"". Il s'agit du pire ouragan ayant touché la Jamaïque depuis le début des relevés météorologiques.",https://www.franceinfo.fr/pictures/enfEVRJea7HYi8E3cuxcDXnyEXw/0x115:1969x1223/1500x843/2025/10/29/sipa-01237119-000003-6901c0bec75cc014499796.jpg,2025-10-29T10:44:40Z,,"Des pluies diluviennes et des vents extrêmes. Le puissant ouragan Melissa, désormais rétrogradé en catégorie 3, se dirige vers Cuba, mercredi 29 octobre, après avoir balayé la Jamaïque. Si aucun bila… [+5094 chars]",,fr,'Jamaïque'
https://www.lepoint.fr/monde/la-tempete-du-siecle-quel-bilan-en-jamaique-apres-le-passage-de-l-ouragan-melissa-29-10-2025-2602023_24.php,https://www.lepoint.fr/monde/la-tempete-du-siecle-quel-bilan-en-jamaique-apres-le-passage-de-l-ouragan-melissa-29-10-2025-2602023_24.php,0,www.lepoint.fr,« La tempête du siècle » : quel bilan en Jamaïque après le passage de l’ouragan Melissa ?,"L'ile fait face a de lourds degats : routes coupees, habitations endommagees, inondations et coupures d'electricite touchant des centaines de milliers de personnes.",https://static.lpnt.fr/images/2025/10/29/27800918lpw-27800939-mega-une-jpg_11500740.jpg,2025-10-29T10:52:00Z,,"L'ouragan Melissa, la plus puissante tempête tropicale de l'année au niveau mondial, fait déjà ses premiers dégâts sur les côtes cubaines. Des vents à 195 km/h sont prévus, et plus de 735 000 personn… [+4921 chars]",,fr,'Ouest-de-l'Île'
https://france3-regions.franceinfo.fr/auvergne-rhone-alpes/loire/ils-offrent-une-echarpe-de-l-as-saint-etienne-au-pape-leon-xiv-l-audace-de-lyceens-de-la-loire-3241051.html,https://france3-regions.franceinfo.fr/auvergne-rhone-alpes/loire/ils-offrent-une-echarpe-de-l-as-saint-etienne-au-pape-leon-xiv-l-audace-de-lyceens-de-la-loire-3241051.html,0,france3-regions.franceinfo.fr,"Ils offrent une écharpe de l'AS Saint-Étienne au pape Léon XIV, l'audace de lycéens de la Loire","À l'occasion d'un voyage pastoral à Rome organisé par le diocèse de Saint-Etienne, des lycéens ont offert une écharpe du club de football de l'ASSE au pape Léon XIV.",https://france3-regions.franceinfo.fr/image/4zqkfiaakT-s1JCwFHrxvGnUf6I/930x620/regions/2025/10/29/vlcsnap-2025-10-29-14h48m02s006-69021b75cf07c134231798.png,2025-10-29T15:30:01Z,,"À l'occasion d'un voyage pastoral à Rome organisé par le diocèse de Saint-Etienne, des lycéens ont offert une écharpe du club de football de l'ASSE au pape Léon XIV.
Chaque jour, un tour dhorizon de… [+2306 chars]",,fr,'Vatican'
https://www.lemonde.fr/planete/article/2025/10/29/une-majorite-de-plateformes-glaciaires-de-l-antarctique-menacees-a-long-terme-dans-un-scenario-pessimiste-de-poursuite-du-rechauffement-climatique_6650190_3244.html,https://www.lemonde.fr/planete/article/2025/10/29/une-majorite-de-plateformes-glaciaires-de-l-antarctique-menacees-a-long-terme-dans-un-scenario-pessimiste-de-poursuite-du-rechauffement-climatique_6650190_3244.html,0,www.lemonde.fr,Une majorité de plateformes glaciaires de l’Antarctique menacées à long terme dans un scénario pessimiste de poursuite du réchauffement climatique,"La survie de ces langues de glace, déterminantes pour l’élévation du niveau marin, dépendra du niveau des émissions de gaz à effet de serre, selon des modélisations publiées par la revue « Nature ».",https://img.lemde.fr/2025/10/29/0/233/2073/1382/1440/960/60/0/c6dbcae_upload-1-uovdj7xmjj8u-000-ql4u3.jpg,2025-10-29T16:08:57Z,,"La fissure dans la barrière de glace Larsen C, sur la péninsule Antarctique, en février 2017. STRINGER / AFP
A quoi ressembleront les barrières de glace du continent blanc dans les siècles à venir ?… [+1080 chars]",,fr,'Antarctique'
https://www.lalibre.be/planete/environnement/2025/10/29/ouragan-melissa-la-jamaique-devastee-cuba-a-son-tour-frappee-les-degats-sont-considerables-XJPYXKJIFBADPN7K4KBRFQXUWY/,https://www.lalibre.be/planete/environnement/2025/10/29/ouragan-melissa-la-jamaique-devastee-cuba-a-son-tour-frappee-les-degats-sont-considerables-XJPYXKJIFBADPN7K4KBRFQXUWY/,0,www.lalibre.be,"Ouragan Melissa : la Jamaïque dévastée, Cuba à son tour frappée, “Les dégâts sont considérables”","La Jamaïque panse ses plaies après le passage dévastateur de l’ouragan Melissa, le plus puissant jamais enregistré sur l’île. Tandis que les secours s’organisent, le cyclone poursuit sa route vers Cuba, où plus de 700 000 personnes avaient été préventivement …",https://www.lalibre.be/resizer/v2/4NEG3JIFAFHQRC6U6KMIRS5774.jpg?auth=c8d1b9cc228026c3fa54f5a2f88c4e60214da5bda869e9b1a911351198877561&width=1200&height=630&quality=85&focal=4128%2C2752&watermark=https%3A%2F%2Fcloudfront-eu-central-1.images.arcpublishing.com%2Fipmgroup%2F3R4IDPARFVEO3L2LC5OCCXQ5RM.png%3A100%3A0%2C557,2025-10-29T16:42:56Z,,"La paroisse de Sainte-Élisabeth, considérée comme le grenier agricole du pays, a été l'une des plus durement touchées : des champs entiers ont été noyés sous les eaux, et l'unique hôpital public y es… [+4087 chars]",,fr,'Ouest-de-l'Île'
https://www.gameblog.fr/trends/antarctique-secret-canyons-704684,https://www.gameblog.fr/trends/antarctique-secret-canyons-704684,0,www.gameblog.fr,L’Antarctique cache un secret géant qui change tout ce qu'on connait des océans,Le monde ne cessera jamais de nous étonner par sa beauté et sa complexité. La preuve avec cette découverte de 300 canyons enfouis sous la glace. Comment expliquer ça ?,https://cdn-uploads.gameblog.fr/img/trends/704684_69009d8899504.png,2025-10-30T07:30:00Z,,Le monde ne cessera jamais de nous étonner par sa beauté et sa complexité. La preuve avec cette découverte de 300 canyons enfouis sous la glace. Comment expliquer ça ?Cest une découverte qui change n… [+2623 chars],,fr,'Antarctique'
https://www.bfmtv.com/international/avant-apres-les-images-impressionnantes-des-destructions-en-jamaique-apres-le-passage-de-l-ouragan-melissa_AV-202510300316.html,https://www.bfmtv.com/international/avant-apres-les-images-impressionnantes-des-destructions-en-jamaique-apres-le-passage-de-l-ouragan-melissa_AV-202510300316.html,0,www.bfmtv.com,AVANT/APRÈS: les images impressionnantes des destructions en Jamaïque après le passage de l'ouragan Melissa,"L'ouragan Melissa, l'un des plus puissants recensés, a traversé la Jamaïque provoquant d'importants dégâts visibles depuis l'espace sur cette île de la Caraïbe. Des vents dévastateurs autour de 300 km/h ont été recensés, alors que le bilan humain est encore i…",https://images.bfmtv.com/Rk7r7zicPj3YL2XO-1OhFUyjsTQ=/0x29:2048x1181/2048x0/images/JAMAIQUE-OURAGAN-MELISSA-2163665.jpg,2025-10-30T07:48:07Z,,"L'ouragan Melissa, l'un des plus puissants recensés, a traversé la Jamaïque provoquant d'importants dégâts visibles depuis l'espace sur cette île de la Caraïbe. Des vents dévastateurs autour de 300 k… [+3063 chars]",,fr,'Jamaïque'
https://www.ledauphine.com/faits-divers-justice/2025/10/30/une-quete-de-34-ans-s-acheve-les-restes-d-un-francais-tue-pendant-la-guerre-en-1991-identifies,https://www.ledauphine.com/faits-divers-justice/2025/10/30/une-quete-de-34-ans-s-acheve-les-restes-d-un-francais-tue-pendant-la-guerre-en-1991-identifies,0,www.ledauphine.com,Croatie. « Une quête de 34 ans s’achève » : les restes d'un Français tué pendant la guerre en 1991 identifiés,"Trente-quatre ans plus tard, l'attente de la famille de Jean-Michel Nicolier est enfin terminée. Le corps de ce Français, parti rejoindre les forces croates en 1991, a été retrouvé et identifié à Vukovar, là où il avait perdu la vie lors d'un siège de la vill…",https://cdn-s-www.ledauphine.com/images/4A2FEB6F-FA94-45E5-B8ED-1B2F4954A7B4/FB1200/photo-1761843322.jpg,2025-10-30T17:44:00Z,,"Il s'appelait Jean-Michel Nicolier. Né à Vesoul (Haute-Saône), le 1er juillet 1966, ce soldat était parti rejoindre à l'âge de 25 ans les forces croates en juillet 1991 dans le cadre de la guerre d'i… [+5023 chars]",,fr,'Croatie'
https://www.lemonde.fr/international/live/2025/10/30/en-direct-gaza-israel-annonce-avoir-identifie-les-deux-depouilles-d-otages-rendues-jeudi_6649770_3210.html,https://www.lemonde.fr/international/live/2025/10/30/en-direct-gaza-israel-annonce-avoir-identifie-les-deux-depouilles-d-otages-rendues-jeudi_6649770_3210.html,0,www.lemonde.fr,"EN DIRECT, Gaza : Israël annonce avoir identifié les deux dépouilles d’otages rendues jeudi","L’Etat hébreu avait reçu jeudi de la Croix-Rouge les corps de deux otages présumés enlevés par le Hamas le 7 octobre 2023, dans le cadre de l’accord de cessez-le-feu.",https://img.lemde.fr/2025/10/30/445/0/5337/2668/1440/720/60/0/70093b1_ftp-import-images-1-oxivu5keh9qd-2025-10-30t180727z-153922679-rc2hmharyftc-rtrmadp-3-israel-palestinians-hostages.JPG,2025-10-30T21:27:19Z,,"Des milliers dhommes en noir, la couleur portée par les juifs ultraorthodoxes, se sont rassemblés, jeudi, à Jérusalem pour protester contre labsence de loi leur permettant déviter la conscription obl… [+1546 chars]",,fr,'Israël'
https://www.lemonde.fr/international/live/2025/10/31/en-direct-gaza-israel-a-identifie-les-deux-depouilles-d-otages-rendues-jeudi_6649770_3210.html,https://www.lemonde.fr/international/live/2025/10/31/en-direct-gaza-israel-a-identifie-les-deux-depouilles-d-otages-rendues-jeudi_6649770_3210.html,0,www.lemonde.fr,"EN DIRECT, Gaza : Israël a identifié les deux dépouilles d’otages rendues jeudi","Sahar Baruch, 25 ans, avait été enlevé par le Hamas au kibboutz Beeri le 7 octobre 2023 et emmené à Gaza, où il a été tué lors d’une opération de sauvetage ratée de l’armée deux mois plus tard. Amiram Kuper, âgé de 84 ans au moment de son enlèvement, avait ét…",https://img.lemde.fr/2025/10/30/445/0/5337/2668/1440/720/60/0/70093b1_ftp-import-images-1-oxivu5keh9qd-2025-10-30t180727z-153922679-rc2hmharyftc-rtrmadp-3-israel-palestinians-hostages.JPG,2025-10-31T05:16:00Z,,"Des milliers dhommes en noir, la couleur portée par les juifs ultraorthodoxes, se sont rassemblés, jeudi, à Jérusalem pour protester contre labsence de loi leur permettant déviter la conscription obl… [+1546 chars]",,fr,'Jérusalem-Est'
https://www.franceinfo.fr/environnement/evenements-meteorologiques-extremes/cyclones-et-ouragans/ouragan-melissa/l-ouragan-melissa-arrive-aux-bermudes-au-moins-30-morts-en-haiti-et-19-en-jamaique_7586507.html,https://www.franceinfo.fr/environnement/evenements-meteorologiques-extremes/cyclones-et-ouragans/ouragan-melissa/l-ouragan-melissa-arrive-aux-bermudes-au-moins-30-morts-en-haiti-et-19-en-jamaique_7586507.html,0,www.franceinfo.fr,"L'ouragan Melissa arrive aux Bermudes, au moins 30 morts en Haïti et 19 en Jamaïque","Le président cubain Miguel Diaz-Canel a quant à lui déclaré que l'ouragan avait causé des ""dégâts considérables"" sur son île, mais sans faire de victime selon les autorités.",https://www.franceinfo.fr/pictures/5IFRSwB6AmvcmyXSKKnR2g_o7Ps/0x395:7595x4668/1500x843/2025/10/31/sipa-ap22993512-000006-6904477ad0644360909201.jpg,2025-10-31T05:24:32Z,,"Il n'en finit pas de causer des dégâts. Dopé par le changement climatique mais désormais affaibli, l'ouragan Melissa arrive jeudi 30 octobre, dans la soirée, aux Bermudes après son passage destructeu… [+1638 chars]",,fr,'Bermudes'
https://www.bfmtv.com/international/ouragan-melissa-au-moins-19-morts-en-jamaique-le-bilan-s-alourdit-a-30-morts-en-haiti_AD-202510310099.html,https://www.bfmtv.com/international/ouragan-melissa-au-moins-19-morts-en-jamaique-le-bilan-s-alourdit-a-30-morts-en-haiti_AD-202510310099.html,0,www.bfmtv.com,"Ouragan Melissa: au moins 19 morts en Jamaïque, le bilan s'alourdit à 30 morts en Haïti","Au total, 49 morts sont à déplorer en Jamaïque et en Haïti après le passage de l'ouragan Melissa dans la mer des Caraïbes cette semaine. Parmi les victimes, plusieurs enfants ont perdu la vie en Haïti.",https://images.bfmtv.com/bFmYVrTo8RhEu_W6uYTwZxAEcaE=/0x124:2048x1276/2048x0/images/Ouragan-Melissa-Jamaique-2164266.jpg,2025-10-31T05:24:37Z,,"Au total, 49 morts sont à déplorer en Jamaïque et en Haïti après le passage de l'ouragan Melissa dans la mer des Caraïbes cette semaine. Parmi les victimes, plusieurs enfants ont perdu la vie en Haït… [+3172 chars]",,fr,'Ouest-de-l'Île'
https://www.dhnet.be/actu/monde/2025/10/31/ouragan-melissa-pres-de-50-morts-dans-les-caraibes-laide-afflue-il-y-a-eu-une-destruction-immense-sans-precedent-4XY4TN3DW5DKDPOA3K4EPXDEJE/,https://www.dhnet.be/actu/monde/2025/10/31/ouragan-melissa-pres-de-50-morts-dans-les-caraibes-laide-afflue-il-y-a-eu-une-destruction-immense-sans-precedent-4XY4TN3DW5DKDPOA3K4EPXDEJE/,0,www.dhnet.be,"Ouragan Melissa - près de 50 morts dans les Caraïbes, l'aide afflue : ""Il y a eu une destruction immense sans précédent""",L'aide internationale afflue vendredi vers les Caraïbes dévastées par le passage de l'ouragan Melissa qui a fait près de 50 morts en Haïti et en Jamaïque. ...,https://www.dhnet.be/resizer/v2/4NEG3JIFAFHQRC6U6KMIRS5774.jpg?auth=c8d1b9cc228026c3fa54f5a2f88c4e60214da5bda869e9b1a911351198877561&width=1200&height=630&quality=85&focal=4128%2C2752&watermark=https%3A%2F%2Fcloudfront-eu-central-1.images.arcpublishing.com%2Fipmgroup%2FDZNGDE46VVGXRGHD3TEI5RB3GM.png%3A100%3A0%2C559,2025-10-31T06:07:00Z,,"""Le bilan confirmé est désormais de 19 morts"" dont neuf à l'extrémité ouest de l'île, a déclaré jeudi soir la ministre jamaïcaine de l'Information Dana Morris Dixon, citée par les médias locaux.
De … [+3643 chars]",,fr,'Jamaïque'
https://www.ledauphine.com/environnement/2025/10/31/apres-le-passage-de-l-ouragan-melissa-les-bilans-humains-se-precisent-l-aide-internationale-afflue,https://www.ledauphine.com/environnement/2025/10/31/apres-le-passage-de-l-ouragan-melissa-les-bilans-humains-se-precisent-l-aide-internationale-afflue,0,www.ledauphine.com,"Caraïbes. Après le passage de l'ouragan Melissa, l'aide internationale afflue, près de 50 morts",L'heure est à l'évaluation des dégâts causés par Melissa qui devrait désormais faiblir au dessus dans l'Atlantique nord après avoir passé les Bermudes.,https://cdn-s-www.ledauphine.com/images/886B6F29-5DE0-4378-A3DF-9AC5152B4C12/FB1200/photo-1761890564.jpg,2025-10-31T06:10:00Z,,"L'aide internationale afflue ce vendredi vers les Caraïbes dévastées par le passage de l'ouragan Melissa qui a fait près de 50 morts en Haïti et en Jamaïque. Habitations en ruines, quartiers inondés … [+3356 chars]",,fr,'Bermudes'
https://www.lavenir.net/actu/monde/2025/10/31/ouragan-melissa-19-morts-en-jamaique-et-une-destruction-immense-sans-precedent-FTBVGN27YZF4ZDBYHMD6FVT6VM/,https://www.lavenir.net/actu/monde/2025/10/31/ouragan-melissa-19-morts-en-jamaique-et-une-destruction-immense-sans-precedent-FTBVGN27YZF4ZDBYHMD6FVT6VM/,0,www.lavenir.net,Ouragan Melissa : 19 morts en Jamaïque et une destruction immense sans précédent,"L’ouragan Melissa a fait 19 morts en Jamaïque, a indiqué jeudi soir la ministre de l’Information Dana Morris Dixon, citée par les médias locaux. ...",https://www.lavenir.net/resizer/v2/SBLLUGG2NRCJVLTX2MVFBNSA7M.jpg?auth=dbec3ddd393f57246359657b8c5ffad14bf28b066d4dc821a01785fe1a3414d5&width=1200&height=630&quality=85&focal=4128%2C2752&watermark=https%3A%2F%2Fcloudfront-eu-central-1.images.arcpublishing.com%2Fipmgroup%2FFFSQSLL65ZFQTKEYFN6NTQS5R4.png%3A100%3A0%2C558,2025-10-31T06:42:05Z,,"Rendu plus destructeur par le réchauffement climatique, l'ouragan a été le plus puissant à toucher terre en 90 ans lorsqu'il a frappé la Jamaïque mardi en catégorie 5, la plus élevée sur l'échelle Sa… [+3632 chars]",,fr,'Ouest-de-l'Île'
https://www.konbini.com/internet/vous-avez-prevu-de-voyager-dans-le-temps-on-a-lobjet-parfait-pour-prouver-que-vous-venez-du-futur/,https://www.konbini.com/internet/vous-avez-prevu-de-voyager-dans-le-temps-on-a-lobjet-parfait-pour-prouver-que-vous-venez-du-futur/,0,www.konbini.com,Vous avez prévu de voyager dans le temps ? On a l&#8217;objet parfait pour prouver que vous venez du futur,"Pouf, on ne sait jamais, est-ce que ça ne pourrait pas vous arriver d'être propulsé à travers les âges dans le passé ? Dans la France de Macron, tout est possible non ? Mais une...",https://cdn-www.konbini.com/files/2022/10/retour-vers-le-futur.jpeg?width=1200&height=675,2025-10-31T10:31:57Z,,"Pouf, on ne sait jamais, est-ce que ça ne pourrait pas vous arriver d’être propulsé à travers les âges dans le passé ? Dans la France de Macron, tout est possible non ? Mais une fois arrivé dans une … [+1120 chars]",,fr,'France'
https://www.dhnet.be/lifestyle/outdoor/2025/10/31/lirlande-berceau-dhalloween-avec-ses-secrets-ses-histoires-et-ses-legendes-ZSUFZMGKNJBVPHMBQN4RYN72W4/,https://www.dhnet.be/lifestyle/outdoor/2025/10/31/lirlande-berceau-dhalloween-avec-ses-secrets-ses-histoires-et-ses-legendes-ZSUFZMGKNJBVPHMBQN4RYN72W4/,0,www.dhnet.be,"L’Irlande, berceau d’Halloween, avec ses secrets, ses histoires et ses légendes","On dit que l’Irlande abrite les plus grands secrets du monde. Lors de ce road trip au pays des légendes, voici quelques points de chute dans le comté de Cork. Ses falaises, péninsules, rochers, tombes anciennes, littoral atlantique sont autant de décors propi…",https://www.dhnet.be/resizer/v2/ER3PS6VQFJFTRM2UTDD5YDBCCU.jpg?auth=8bf756f3bd73b34476a1b7fa28b3bb5d9a0718f5126bcb2e5a76cf34bd4afdfb&width=1200&height=630&quality=85&focal=549%2C347&watermark=https%3A%2F%2Fcloudfront-eu-central-1.images.arcpublishing.com%2Fipmgroup%2FDZNGDE46VVGXRGHD3TEI5RB3GM.png%3A100%3A0%2C559,2025-10-31T10:36:17Z,,"2. Titanic Experience à Cobh
C'est la ville côtière les plus typique du comté de Cork avec ses maisons aux couleurs bonbon. C'est au port de Cobh que le Titanic a pris la mer pour la dernière fois e… [+2882 chars]",,fr,'Irlande'
https://www.nouvelobs.com/sciences/20251031.OBS109312/c-est-quoi-le-krill-ce-minuscule-crustace-au-c-ur-d-une-bataille-entre-l-ukraine-et-la-russie.html,https://www.nouvelobs.com/sciences/20251031.OBS109312/c-est-quoi-le-krill-ce-minuscule-crustace-au-c-ur-d-une-bataille-entre-l-ukraine-et-la-russie.html,0,www.nouvelobs.com,"C’est quoi le krill, ce minuscule crustacé au cœur d’une bataille entre l’Ukraine et la Russie ?",L’arrestation par la Russie d’un scientifique ukrainien a remis le krill sur le devant des scènes diplomatique et écologique : c’est sur ce tout petit crustacé que repose tout l’écosystème de l’Antarctique.,https://focus.nouvelobs.com/2025/10/31/0/0/6000/4000/1200/800/0/0/743dc24_upload-1-dtx9ybxocbzl-sipa-ap22823393-000018.jpg,2025-10-31T16:42:15Z,,"Le krill est petit crustacé de 1 à 2 centimètres, qui ressemble à une minuscule crevette. PATRICK SEMANSKY/AP/SIPA
Commenter
 Lire plus tard 
Google Actualités
Partager
 Sabonner pour lire 
Leo… [+827 chars]",,fr,'Antarctique'
